data;sp500;rf_tbill;rm_12m;rf_tbill_dec;prm_mensal
1927-12-30;17,660000;;;;
1928-01-31;17,570000;;;;
1928-02-29;17,260000;;;;
1928-03-30;19,280000;;;;
1928-04-30;19,750000;;;;
1928-05-31;20,000000;;;;
1928-06-29;19,140000;;;;
1928-07-31;19,430000;;;;
1928-08-31;20,870000;;;;
1928-09-28;21,140000;;;;
1928-10-31;21,680000;;;;
1928-11-30;24,280000;;;;
1928-12-31;24,350000;3,450000;0,378822;0,034500;0,344322
1929-01-31;25,740000;3,520000;0,464997;0,035200;0,429797
1929-02-28;25,590000;3,620000;0,482619;0,036200;0,446419
1929-03-29;25,530000;3,740000;0,324170;0,037400;0,286770
1929-04-30;25,940000;3,640000;0,313418;0,036400;0,277018
1929-05-31;24,830000;3,640000;0,241500;0,036400;0,205100
1929-06-28;27,410000;3,690000;0,432079;0,036900;0,395179
1929-07-31;28,880000;3,640000;0,486361;0,036400;0,449961
1929-08-30;31,710000;3,710000;0,519406;0,037100;0,482306
1929-09-30;30,160000;3,700000;0,426679;0,037000;0,389679
1929-10-31;24,150000;3,610000;0,113930;0,036100;0,077830
1929-11-29;20,920000;3,350000;-0,138386;0,033500;-0,171886
1929-12-31;21,450000;3,360000;-0,119097;0,033600;-0,152697
1930-01-31;22,790000;3,430000;-0,114608;0,034300;-0,148908
1930-02-28;23,280000;3,410000;-0,090270;0,034100;-0,124370
1930-03-31;25,140000;3,290000;-0,015276;0,032900;-0,048176
1930-04-30;24,900000;3,370000;-0,040093;0,033700;-0,073793
1930-05-30;24,490000;3,310000;-0,013693;0,033100;-0,046793
1930-06-30;20,460000;3,250000;-0,253557;0,032500;-0,286057
1930-07-31;21,210000;3,250000;-0,265582;0,032500;-0,298082
1930-08-29;21,370000;3,260000;-0,326080;0,032600;-0,358680
1930-09-30;18,590000;3,240000;-0,383621;0,032400;-0,416021
1930-10-31;16,940000;3,210000;-0,298551;0,032100;-0,330651
1930-11-28;16,380000;3,190000;-0,217017;0,031900;-0,248917
1930-12-31;15,340000;3,220000;-0,284848;0,032200;-0,317048
1931-01-30;16,190000;3,200000;-0,289601;0,032000;-0,321601
1931-02-27;18,030000;3,300000;-0,225515;0,033000;-0,258515
1931-03-31;16,690000;3,270000;-0,336118;0,032700;-0,368818
1931-04-30;15,090000;3,260000;-0,393976;0,032600;-0,426576
1931-05-29;13,020000;3,160000;-0,468354;0,031600;-0,499954
1931-06-30;14,830000;3,130000;-0,275171;0,031300;-0,306471
1931-07-31;13,730000;3,150000;-0,352664;0,031500;-0,384164
1931-08-31;13,860000;3,180000;-0,351427;0,031800;-0,383227
1931-09-30;9,710000;3,250000;-0,477676;0,032500;-0,510176
1931-10-30;10,430000;3,630000;-0,384298;0,036300;-0,420598
1931-11-30;9,500000;3,630000;-0,420024;0,036300;-0,456324
1931-12-31;8,120000;3,930000;-0,470665;0,039300;-0,509965
1932-01-29;7,940000;4,260000;-0,509574;0,042600;-0,552174
1932-02-29;8,290000;4,110000;-0,540211;0,041100;-0,581311
1932-03-31;7,310000;3,920000;-0,562013;0,039200;-0,601213
1932-04-29;5,830000;3,680000;-0,613651;0,036800;-0,650451
1932-05-31;4,470000;3,760000;-0,656682;0,037600;-0,694282
1932-06-30;4,430000;3,760000;-0,701281;0,037600;-0,738881
1932-07-29;6,030000;3,580000;-0,560816;0,035800;-0,596616
1932-08-31;8,390000;3,450000;-0,394661;0,034500;-0,429161
1932-09-30;8,080000;3,420000;-0,167868;0,034200;-0,202068
1932-10-31;6,960000;3,430000;-0,332694;0,034300;-0,366994
1932-11-30;6,550000;3,450000;-0,310526;0,034500;-0,345026
1932-12-30;6,920000;3,350000;-0,147783;0,033500;-0,181283
1933-01-31;6,940000;3,220000;-0,125945;0,032200;-0,158145
1933-02-28;5,660000;3,310000;-0,317250;0,033100;-0,350350
1933-03-31;5,850000;3,420000;-0,199726;0,034200;-0,233926
1933-04-28;7,830000;3,420000;0,343053;0,034200;0,308853
1933-05-31;9,640000;3,300000;1,156600;0,033000;1,123600
1933-06-30;10,910000;3,210000;1,462754;0,032100;1,430654
1933-07-31;9,950000;3,200000;0,650083;0,032000;0,618083
1933-08-31;11,090000;3,210000;0,321812;0,032100;0,289712
1933-09-29;9,720000;3,190000;0,202970;0,031900;0,171070
1933-10-31;8,960000;3,220000;0,287356;0,032200;0,255156
1933-11-30;9,880000;3,460000;0,508397;0,034600;0,473797
1933-12-29;9,970000;3,530000;0,440751;0,035300;0,405451
1934-01-31;11,170000;3,480000;0,609510;0,034800;0,574710
1934-02-28;10,760000;3,280000;0,901060;0,032800;0,868260
1934-03-30;10,620000;3,150000;0,815385;0,031500;0,783885
1934-04-30;10,460000;3,090000;0,335888;0,030900;0,304988
1934-05-31;9,610000;3,020000;-0,003112;0,030200;-0,033312
1934-06-29;9,810000;2,970000;-0,100825;0,029700;-0,130525
1934-07-31;8,680000;2,940000;-0,127638;0,029400;-0,157038
1934-08-31;9,150000;3,050000;-0,174932;0,030500;-0,205432
1934-09-28;9,080000;3,230000;-0,065844;0,032300;-0,098144
1934-10-31;8,810000;3,050000;-0,016741;0,030500;-0,047241
1934-11-30;9,540000;3,050000;-0,034413;0,030500;-0,064913
1934-12-31;9,500000;2,990000;-0,047141;0,029900;-0,077041
1935-01-31;9,100000;2,830000;-0,185318;0,028300;-0,213618
1935-02-28;8,740000;2,770000;-0,187732;0,027700;-0,215432
1935-03-29;8,450000;2,770000;-0,204331;0,027700;-0,232031
1935-04-30;9,280000;2,730000;-0,112811;0,027300;-0,140111
1935-05-31;9,580000;2,720000;-0,003122;0,027200;-0,030322
1935-06-28;10,240000;2,710000;0,043833;0,027100;0,016733
1935-07-31;11,080000;2,690000;0,276498;0,026900;0,249598
1935-08-30;11,240000;2,840000;0,228415;0,028400;0,200015
1935-09-30;11,590000;2,870000;0,276432;0,028700;0,247732
1935-10-31;12,460000;2,830000;0,414302;0,028300;0,386002
1935-11-29;12,940000;2,840000;0,356394;0,028400;0,327994
1935-12-31;13,430000;2,820000;0,413684;0,028200;0,385484
1936-01-31;14,310000;2,800000;0,572527;0,028000;0,544527
1936-02-28;14,600000;2,740000;0,670481;0,027400;0,643081
1936-03-31;14,960000;2,690000;0,770414;0,026900;0,743514
1936-04-30;13,806900;2,670000;0,487813;0,026700;0,461113
1936-05-29;14,438600;2,650000;0,507161;0,026500;0,480661
1936-06-30;15,040200;2,670000;0,468770;0,026700;0,442070
1936-07-31;16,063800;2,660000;0,449801;0,026600;0,423201
1936-08-31;16,205700;2,590000;0,441788;0,025900;0,415888
1936-09-30;16,479400;2,620000;0,421864;0,026200;0,395664
1936-10-30;17,735100;2,630000;0,423363;0,026300;0,397063
1936-11-30;17,786600;2,510000;0,374544;0,025100;0,349444
1936-12-31;17,961600;2,520000;0,337424;0,025200;0,312224
1937-01-29;18,578400;2,470000;0,298281;0,024700;0,273581
1937-02-26;18,881600;2,460000;0,293260;0,024600;0,268660
1937-03-31;18,808400;2,720000;0,257246;0,027200;0,230046
1937-04-30;17,244600;2,790000;0,248984;0,027900;0,221084
1937-05-31;17,066100;2,750000;0,181977;0,027500;0,154477
1937-06-30;16,436400;2,770000;0,092831;0,027700;0,065131
1937-07-30;17,898600;2,680000;0,114220;0,026800;0,087420
1937-08-31;17,119500;2,770000;0,056388;0,027700;0,028688
1937-09-30;14,867500;2,750000;-0,097813;0,027500;-0,125313
1937-10-29;13,344000;2,750000;-0,247594;0,027500;-0,275094
1937-11-30;12,004200;2,690000;-0,325099;0,026900;-0,351999
1937-12-31;11,723300;2,680000;-0,347313;0,026800;-0,374113
1938-01-31;11,878800;2,660000;-0,360612;0,026600;-0,387212
1938-02-28;12,601100;2,620000;-0,332625;0,026200;-0,358825
1938-03-31;9,500800;2,640000;-0,494864;0,026400;-0,521264
1938-04-29;10,931600;2,550000;-0,366086;0,025500;-0,391586
1938-05-31;10,361500;2,510000;-0,392861;0,025100;-0,417961
1938-06-30;13,167000;2,530000;-0,198912;0,025300;-0,224212
1938-07-29;14,044100;2,520000;-0,215352;0,025200;-0,240552
1938-08-31;13,736600;2,500000;-0,197605;0,025000;-0,222605
1938-09-30;14,044100;2,580000;-0,055383;0,025800;-0,081183
1938-10-31;15,111200;2,470000;0,132434;0,024700;0,107734
1938-11-30;14,606300;2,510000;0,216766;0,025100;0,191666
1938-12-30;15,248800;2,480000;0,300726;0,024800;0,275926
1939-01-31;14,274000;2,480000;0,201637;0,024800;0,176837
1939-02-28;14,738200;2,430000;0,169596;0,024300;0,145296
1939-03-31;12,811800;2,340000;0,348497;0,023400;0,325097
1939-04-28;12,753500;2,270000;0,166664;0,022700;0,143964
1939-05-31;13,535300;2,130000;0,306307;0,021300;0,285007
1939-06-30;12,940200;2,160000;-0,017225;0,021600;-0,038825
1939-07-31;14,346200;2,140000;0,021511;0,021400;0,000111
1939-08-31;13,321500;2,270000;-0,030219;0,022700;-0,052919
1939-09-29;15,382800;2,740000;0,095321;0,027400;0,067921
1939-10-31;15,430900;2,510000;0,021156;0,025100;-0,003944
1939-11-30;14,673200;2,400000;0,004580;0,024000;-0,019420
1939-12-29;15,238500;2,300000;-0,000675;0,023000;-0,023675
1940-01-31;14,737100;2,310000;0,032444;0,023100;0,009344
1940-02-29;14,834900;2,320000;0,006561;0,023200;-0,016639
1940-03-29;14,981700;2,220000;0,169367;0,022200;0,147167
1940-04-30;14,994000;2,280000;0,175677;0,022800;0,152877
1940-05-31;11,402300;2,470000;-0,157588;0,024700;-0,182288
1940-06-28;12,583100;2,320000;-0,027596;0,023200;-0,050796
1940-07-31;12,974000;2,250000;-0,095649;0,022500;-0,118149
1940-08-30;13,238800;2,230000;-0,006208;0,022300;-0,028508
1940-09-30;13,617000;2,150000;-0,114791;0,021500;-0,136291
1940-10-31;14,153500;2,090000;-0,082782;0,020900;-0,103682
1940-11-29;13,502100;1,930000;-0,079812;0,019300;-0,099112
1940-12-31;13,783100;1,880000;-0,095508;0,018800;-0,114308
1941-01-31;13,118700;2,150000;-0,109818;0,021500;-0,131318
1941-02-28;12,923300;2,240000;-0,128858;0,022400;-0,151258
1941-03-31;13,079600;2,100000;-0,126962;0,021000;-0,147962
1941-04-30;12,226000;2,020000;-0,184607;0,020200;-0,204807
1941-05-30;12,317900;2,030000;0,080300;0,020300;0,060000
1941-06-30;13,276600;1,930000;0,055114;0,019300;0,035814
1941-07-31;14,004400;1,810000;0,079420;0,018100;0,061320
1941-08-29;13,856200;1,880000;0,046636;0,018800;0,027836
1941-09-30;13,950500;1,890000;0,024491;0,018900;0,005591
1941-10-31;12,993100;1,840000;-0,081987;0,018400;-0,100387
1941-11-28;12,473400;1,880000;-0,076188;0,018800;-0,094988
1941-12-31;12,186200;2,070000;-0,115859;0,020700;-0,136559
1942-01-30;12,410600;2,060000;-0,053976;0,020600;-0,074576
1942-02-27;12,046000;2,130000;-0,067885;0,021300;-0,089185
1942-03-31;11,316700;2,050000;-0,134782;0,020500;-0,155282
1942-04-30;10,822300;2,110000;-0,114813;0,021100;-0,135913
1942-05-29;11,514500;2,080000;-0,065222;0,020800;-0,086022
1942-06-30;12,051400;2,090000;-0,092283;0,020900;-0,113183
1942-07-31;12,428900;2,120000;-0,112500;0,021200;-0,133700
1942-08-31;12,516000;2,120000;-0,096722;0,021200;-0,117922
1942-09-30;13,009700;2,130000;-0,067438;0,021300;-0,088738
1942-10-30;13,759400;2,120000;0,058977;0,021200;0,037777
1942-11-30;13,656500;2,140000;0,094850;0,021400;0,073450
1942-12-31;14,641400;2,110000;0,201474;0,021100;0,180374
1943-01-29;15,645500;2,070000;0,260656;0,020700;0,239956
1943-02-26;16,439800;2,080000;0,364752;0,020800;0,343952
1943-03-31;17,443900;2,100000;0,541430;0,021000;0,520430
1943-04-30;17,458900;2,080000;0,613234;0,020800;0,592434
1943-05-31;18,151900;2,030000;0,576438;0,020300;0,556138
1943-06-30;18,950200;2,020000;0,572448;0,020200;0,552248
1943-07-30;18,183000;2,040000;0,462961;0,020400;0,442561
1943-08-31;18,106300;2,060000;0,446652;0,020600;0,426052
1943-09-30;18,720100;2,060000;0,438934;0,020600;0,418334
1943-10-29;18,456600;2,080000;0,341381;0,020800;0,320581
1943-11-30;17,077400;2,110000;0,250496;0,021100;0,229396
1943-12-31;18,394600;2,120000;0,256342;0,021200;0,235142
1944-01-31;18,678400;2,120000;0,193851;0,021200;0,172651
1944-02-29;18,631100;2,080000;0,133292;0,020800;0,112492
1944-03-31;19,056700;2,080000;0,092456;0,020800;0,071656
1944-04-28;18,818800;2,090000;0,077892;0,020900;0,056992
1944-05-31;19,579800;2,090000;0,078664;0,020900;0,057764
1944-06-30;20,959100;2,100000;0,106009;0,021000;0,085009
1944-07-31;20,523200;2,100000;0,128703;0,021000;0,107703
1944-08-31;20,700800;2,070000;0,143293;0,020700;0,122593
1944-09-29;20,781500;2,080000;0,110117;0,020800;0,089317
1944-10-31;20,846800;2,090000;0,129504;0,020900;0,108604
1944-11-30;20,928300;2,090000;0,225497;0,020900;0,204597
1944-12-29;21,988600;2,100000;0,195383;0,021000;0,174383
1945-01-31;22,303200;1,960000;0,194064;0,019600;0,174464
1945-02-28;23,677500;1,900000;0,270859;0,019000;0,251859
1945-03-30;22,535000;1,850000;0,182524;0,018500;0,164024
1945-04-30;24,716900;1,730000;0,313415;0,017300;0,296115
1945-05-31;25,000100;1,730000;0,276831;0,017300;0,259531
1945-06-29;25,166600;1,680000;0,200748;0,016800;0,183948
1945-07-31;24,811200;1,710000;0,208934;0,017100;0,191834
1945-08-31;26,249800;1,690000;0,268057;0,016900;0,251157
1945-09-28;27,400600;1,660000;0,318509;0,016600;0,301909
1945-10-31;28,425000;1,600000;0,363519;0,016000;0,347519
1945-11-30;29,346800;1,550000;0,402254;0,015500;0,386754
1945-12-31;29,978500;1,670000;0,363366;0,016700;0,346666
1946-01-31;32,068000;1,610000;0,437821;0,016100;0,421721
1946-02-28;29,840400;1,590000;0,260285;0,015900;0,244385
1946-03-29;31,325500;1,570000;0,390082;0,015700;0,374382
1946-04-30;32,575700;1,720000;0,317952;0,017200;0,300752
1946-05-31;33,305000;1,730000;0,332195;0,017300;0,314895
1946-06-28;32,419400;1,700000;0,288191;0,017000;0,271191
1946-07-31;31,592700;1,740000;0,273324;0,017400;0,255924
1946-08-30;29,288300;1,800000;0,115753;0,018000;0,097753
1946-09-30;26,579400;1,850000;-0,029970;0,018500;-0,048470
1946-10-31;26,366200;1,830000;-0,072429;0,018300;-0,090729
1946-11-29;26,081900;1,910000;-0,111252;0,019100;-0,130352
1946-12-31;27,574300;1,820000;-0,080197;0,018200;-0,098397
1947-01-31;28,223100;1,780000;-0,119898;0,017800;-0,137698
1947-02-28;27,808600;1,760000;-0,068089;0,017600;-0,085689
1947-03-31;27,538300;1,760000;-0,120898;0,017600;-0,138498
1947-04-30;26,467200;1,780000;-0,187517;0,017800;-0,205317
1947-05-30;26,231200;1,770000;-0,212395;0,017700;-0,230095
1947-06-30;28,119200;1,810000;-0,132643;0,018100;-0,150743
1947-07-31;29,136000;1,800000;-0,077762;0,018000;-0,095762
1947-08-29;28,322500;1,770000;-0,032976;0,017700;-0,050676
1947-09-30;28,267100;1,820000;0,063497;0,018200;0,045297
1947-10-31;28,865700;1,920000;0,094799;0,019200;0,075599
1947-11-28;28,023900;2,020000;0,074458;0,020200;0,054258
1947-12-31;29,127600;2,180000;0,056331;0,021800;0,034531
1948-01-30;27,947300;2,180000;-0,009772;0,021800;-0,031572
1948-02-27;26,519500;2,160000;-0,046356;0,021600;-0,067956
1948-03-31;28,937200;2,150000;0,050798;0,021500;0,029298
1948-04-30;29,704800;2,140000;0,122325;0,021400;0,100925
1948-05-31;32,026700;2,050000;0,220939;0,020500;0,200439
1948-06-30;32,659900;2,150000;0,161480;0,021500;0,139980
1948-07-30;30,923500;2,170000;0,061350;0,021700;0,039650
1948-08-31;31,157600;2,190000;0,100101;0,021900;0,078201
1948-09-30;30,611400;2,160000;0,082934;0,021600;0,061334
1948-10-29;32,607300;2,200000;0,129621;0,022000;0,107621
1948-11-30;29,149000;2,150000;0,040148;0,021500;0,018648
1948-12-31;30,690400;2,120000;0,053654;0,021200;0,032454
1949-01-31;30,730800;2,070000;0,099598;0,020700;0,078898
1949-02-28;29,519300;2,060000;0,113117;0,020600;0,092517
1949-03-31;30,751000;2,020000;0,062681;0,020200;0,042481
1949-04-29;30,036300;2,010000;0,011160;0,020100;-0,008940
1949-05-31;28,974500;2,000000;-0,095302;0,020000;-0,115302
1949-06-30;29,525800;1,920000;-0,095962;0,019200;-0,115162
1949-07-29;31,360800;1,890000;0,014141;0,018900;-0,004759
1949-08-31;31,736100;1,820000;0,018567;0,018200;0,000367
1949-09-30;33,696200;1,850000;0,100773;0,018500;0,082273
1949-10-31;34,691000;1,850000;0,063903;0,018500;0,045403
1949-11-30;34,734300;1,850000;0,191612;0,018500;0,173112
1949-12-30;37,935200;1,800000;0,236061;0,018000;0,218061
1950-01-31;38,522700;1,900000;0,253553;0,019000;0,234553
1950-02-28;38,906800;1,920000;0,318012;0,019200;0,298812
1950-03-31;39,742700;1,940000;0,292403;0,019400;0,273003
1950-04-28;41,282800;1,990000;0,374430;0,019900;0,354530
1950-05-31;43,167600;2,000000;0,489848;0,020000;0,469848
1950-06-30;41,627600;2,060000;0,409872;0,020600;0,389272
1950-07-31;41,980600;2,060000;0,338633;0,020600;0,318033
1950-08-31;43,345400;2,060000;0,365807;0,020600;0,345207
1950-09-29;46,663400;2,100000;0,384827;0,021000;0,363827
1950-10-31;46,855300;2,160000;0,350647;0,021600;0,329047
1950-11-30;46,807300;2,190000;0,347581;0,021900;0,325681
1950-12-29;50,310100;2,180000;0,326212;0,021800;0,304412
1951-01-31;53,339000;2,130000;0,384612;0,021300;0,363312
1951-02-28;53,683800;2,190000;0,379805;0,021900;0,357905
1951-03-30;53,511400;2,340000;0,346446;0,023400;0,323046
1951-04-30;55,878100;2,440000;0,353544;0,024400;0,329144
1951-05-31;53,611000;2,530000;0,241927;0,025300;0,216627
1951-06-29;53,187500;2,540000;0,277698;0,025400;0,252298
1951-07-31;56,841600;2,440000;0,353997;0,024400;0,329597
1951-08-31;59,074700;2,330000;0,362883;0,023300;0,339583
1951-09-28;59,810600;2,470000;0,281745;0,024700;0,257045
1951-10-31;58,987800;2,500000;0,258935;0,025000;0,233935
1951-11-30;58,833500;2,540000;0,256930;0,025400;0,231530
1951-12-31;62,304900;2,510000;0,238417;0,025100;0,213317
1952-01-31;63,274700;2,450000;0,186275;0,024500;0,161775
1952-02-29;60,968100;2,500000;0,135689;0,025000;0,110689
1952-03-31;64,559000;2,500000;0,206453;0,025000;0,181453
1952-04-30;61,777500;2,390000;0,105576;0,023900;0,081676
1952-05-30;63,208000;2,350000;0,179012;0,023500;0,155512
1952-06-30;67,234700;2,390000;0,264107;0,023900;0,240207
1952-07-31;68,419900;2,450000;0,203694;0,024500;0,179194
1952-08-29;67,423200;2,540000;0,141321;0,025400;0,115921
1952-09-30;66,938400;2,650000;0,119173;0,026500;0,092673
1952-10-31;66,883800;2,510000;0,133858;0,025100;0,108758
1952-11-28;69,993400;2,500000;0,189686;0,025000;0,164686
1952-12-31;73,621300;2,520000;0,181629;0,025200;0,156429
1953-01-30;73,094800;2,630000;0,155198;0,026300;0,128898
1953-02-27;71,764800;2,700000;0,177088;0,027000;0,150088
1953-03-31;70,795000;2,760000;0,096594;0,027600;0,068994
1953-04-30;68,919500;2,830000;0,115608;0,028300;0,087308
1953-05-29;68,695500;3,050000;0,086817;0,030500;0,056317
1953-06-30;68,779500;3,110000;0,022976;0,031100;-0,008124
1953-07-31;70,517500;2,930000;0,030658;0,029300;0,001358
1953-08-31;66,443200;2,950000;-0,014535;0,029500;-0,044035
1953-09-30;67,411900;2,870000;0,007074;0,028700;-0,021626
1953-10-30;70,847400;2,660000;0,059261;0,026600;0,032661
1953-11-30;71,482600;2,680000;0,021276;0,026800;-0,005524
1953-12-31;72,926100;2,590000;-0,009443;0,025900;-0,035343
1954-01-29;76,659100;2,480000;0,048763;0,024800;0,023963
1954-02-26;76,864900;2,470000;0,071067;0,024700;0,046367
1954-03-31;80,010000;2,370000;0,130165;0,023700;0,106465
1954-04-30;83,930300;2,290000;0,217802;0,022900;0,194902
1954-05-31;86,692400;2,370000;0,261981;0,023700;0,238281
1954-06-30;87,969400;2,380000;0,279006;0,023800;0,255206
1954-07-30;92,998800;2,300000;0,318805;0,023000;0,295805
1954-08-31;89,836600;2,360000;0,352081;0,023600;0,328481
1954-09-30;98,299300;2,380000;0,458189;0,023800;0,434389
1954-10-29;96,382600;2,430000;0,360425;0,024300;0,336125
1954-11-30;104,171100;2,480000;0,457293;0,024800;0,432493
1954-12-31;111,046900;2,510000;0,522732;0,025100;0,497632
1955-01-31;113,053000;2,610000;0,474750;0,026100;0,448650
1955-02-28;113,454200;2,650000;0,476021;0,026500;0,449521
1955-03-31;113,824600;2,670000;0,422630;0,026700;0,395930
1955-04-29;118,118700;2,750000;0,407343;0,027500;0,379843
1955-05-31;117,963100;2,760000;0,360709;0,027600;0,333109
1955-06-30;128,978400;2,780000;0,466173;0,027800;0,438373
1955-07-29;136,805700;2,900000;0,471048;0,029000;0,442048
1955-08-31;135,736900;2,970000;0,510931;0,029700;0,481231
1955-09-30;138,471800;2,970000;0,408675;0,029700;0,378975
1955-10-31;134,254500;2,880000;0,392933;0,028800;0,364133
1955-11-30;144,306200;2,890000;0,385281;0,028900;0,356381
1955-12-30;145,923300;2,960000;0,314069;0,029600;0,284469
1956-01-31;140,597200;2,900000;0,243640;0,029000;0,214640
1956-02-29;145,474100;2,840000;0,282228;0,028400;0,253828
1956-03-30;155,548900;2,960000;0,366567;0,029600;0,336967
1956-04-30;156,486900;3,180000;0,324827;0,031800;0,293027
1956-05-31;146,201000;3,070000;0,239379;0,030700;0,208679
1956-06-29;153,511100;3,000000;0,190208;0,030000;0,160208
1956-07-31;161,420300;3,110000;0,179924;0,031100;0,148824
1956-08-31;155,276000;3,330000;0,143948;0,033300;0,110648
1956-09-28;149,589200;3,380000;0,080286;0,033800;0,046486
1956-10-31;150,347800;3,340000;0,119872;0,033400;0,086472
1956-11-30;148,698600;3,490000;0,030438;0,034900;-0,004462
1956-12-31;155,394600;3,590000;0,064906;0,035900;0,029006
1957-01-31;148,901800;3,460000;0,059067;0,034600;0,024467
1957-02-28;144,040500;3,340000;-0,009855;0,033400;-0,043255
1957-03-29;148,136000;3,410000;-0,047656;0,034100;-0,081756
1957-04-30;153,610100;3,480000;-0,018384;0,034800;-0,053184
1957-05-31;159,285600;3,600000;0,089497;0,036000;0,053497
1957-06-28;160,729700;3,800000;0,047023;0,038000;0,009023
1957-07-31;162,562000;3,930000;0,007073;0,039300;-0,032227
1957-08-30;153,434600;3,930000;-0,011859;0,039300;-0,051159
1957-09-30;145,460900;3,920000;-0,027598;0,039200;-0,066798
1957-10-31;140,797400;3,970000;-0,063522;0,039700;-0,103222
1957-11-29;143,060600;3,720000;-0,037916;0,037200;-0,075116
1957-12-31;138,739900;3,210000;-0,107177;0,032100;-0,139277
1958-01-31;144,672600;3,090000;-0,028403;0,030900;-0,059303
1958-02-28;141,688900;3,050000;-0,016326;0,030500;-0,046826
1958-03-31;147,309300;2,980000;-0,005581;0,029800;-0,035381
1958-04-30;151,998000;2,880000;-0,010495;0,028800;-0,039295
1958-05-30;154,272300;2,920000;-0,031474;0,029200;-0,060674
1958-06-30;159,870800;2,970000;-0,005344;0,029700;-0,035044
1958-07-31;166,761800;3,200000;0,025835;0,032000;-0,006165
1958-08-29;168,740700;3,540000;0,099757;0,035400;0,064357
1958-09-30;178,494100;3,760000;0,227093;0,037600;0,189493
1958-10-31;183,022400;3,800000;0,299899;0,038000;0,261899
1958-11-28;187,122900;3,740000;0,307997;0,037400;0,270597
1958-12-31;198,604100;3,860000;0,431485;0,038600;0,392885
1959-01-30;199,359600;4,020000;0,378005;0,040200;0,337805
1959-02-27;199,323600;3,960000;0,406769;0,039600;0,367169
1959-03-31;200,798500;3,990000;0,363108;0,039900;0,323208
1959-04-30;208,585500;4,120000;0,372291;0,041200;0,331091
1959-05-29;212,533400;4,310000;0,377651;0,043100;0,334551
1959-06-30;213,475100;4,340000;0,335298;0,043400;0,291898
1959-07-31;220,923200;4,400000;0,324783;0,044000;0,280783
1959-08-31;217,600800;4,430000;0,289557;0,044300;0,245257
1959-09-30;209,386000;4,680000;0,173070;0,046800;0,126270
1959-10-30;211,741900;4,530000;0,156918;0,045300;0,111618
1959-11-30;214,539600;4,530000;0,146517;0,045300;0,101217
1959-12-31;222,343800;4,690000;0,119533;0,046900;0,072633
1960-01-29;206,454100;4,720000;0,035586;0,047200;-0,011614
1960-02-29;208,347500;4,490000;0,045273;0,044900;0,000373
1960-03-31;207,270900;4,250000;0,032233;0,042500;-0,010267
1960-04-29;203,637800;4,280000;-0,023720;0,042800;-0,066520
1960-05-31;209,106100;4,350000;-0,016126;0,043500;-0,059626
1960-06-30;214,986400;4,150000;0,007080;0,041500;-0,034420
1960-07-29;209,660800;3,900000;-0,050979;0,039000;-0,089979
1960-08-31;215,137500;3,800000;-0,011320;0,038000;-0,049320
1960-09-30;203,919800;3,800000;-0,026106;0,038000;-0,064106
1960-10-31;203,424500;3,890000;-0,039281;0,038900;-0,078181
1960-11-30;211,616300;3,930000;-0,013626;0,039300;-0,052926
1960-12-30;223,351600;3,840000;0,004533;0,038400;-0,033867
1961-01-31;237,457700;3,840000;0,150172;0,038400;0,111772
1961-02-28;243,838000;3,780000;0,170343;0,037800;0,132543
1961-03-31;250,064700;3,740000;0,206463;0,037400;0,169063
1961-04-28;252,891400;3,780000;0,241869;0,037800;0,204069
1961-05-31;257,731600;3,710000;0,232540;0,037100;0,195440
1961-06-30;252,155600;3,880000;0,172891;0,038800;0,134091
1961-07-31;260,425600;3,920000;0,242128;0,039200;0,202928
1961-08-31;265,535800;4,040000;0,234261;0,040400;0,193861
1961-09-29;262,220000;3,980000;0,285898;0,039800;0,246098
1961-10-31;269,646900;3,920000;0,325538;0,039200;0,286338
1961-11-30;280,256700;3,940000;0,324363;0,039400;0,284963
1961-12-29;283,400400;4,060000;0,268853;0,040600;0,228253
1962-01-31;272,666400;4,100000;0,148274;0,041000;0,107274
1962-02-28;277,102600;4,039400;0,136421;0,040394;0,096027
1962-03-30;277,459100;3,930500;0,109549;0,039305;0,070244
1962-04-30;260,265000;3,843000;0,029157;0,038430;-0,009273
1962-05-31;237,884800;3,873600;-0,077006;0,038736;-0,115742
1962-06-29;220,411400;3,909000;-0,125891;0,039090;-0,164981
1962-07-31;234,421100;4,014300;-0,099854;0,040143;-0,139997
1962-08-31;238,004100;3,975700;-0,103684;0,039757;-0,143441
1962-09-28;228,583700;3,978900;-0,128275;0,039789;-0,168064
1962-10-31;229,599300;3,925500;-0,148519;0,039255;-0,187774
1962-11-30;252,916700;3,915800;-0,097553;0,039158;-0,136711
1962-12-31;258,847600;3,864500;-0,086636;0,038645;-0,125281
1963-01-31;271,564400;3,833600;-0,004042;0,038336;-0,042378
1963-02-28;263,729200;3,921100;-0,048262;0,039211;-0,087473
1963-03-29;275,215300;3,928600;-0,008087;0,039286;-0,047373
1963-04-30;288,568900;3,971000;0,108750;0,039710;0,069040
1963-05-31;292,703100;3,930000;0,230441;0,039300;0,191141
1963-06-28;289,065000;3,993000;0,311479;0,039930;0,271549
1963-07-31;288,064900;4,020500;0,228835;0,040205;0,188630
1963-08-30;302,107700;4,002300;0,269338;0,040023;0,229315
1963-09-30;300,941000;4,077500;0,316546;0,040775;0,275771
1963-10-31;310,636500;4,106100;0,352951;0,041061;0,311890
1963-11-29;307,362700;4,121800;0,215272;0,041218;0,174054
1963-12-31;317,771800;4,128600;0,227641;0,041286;0,186355
1964-01-31;326,328200;4,166800;0,201660;0,041668;0,159992
1964-02-28;329,547400;4,145600;0,249567;0,041456;0,208111
1964-03-31;336,960100;4,219500;0,224351;0,042195;0,182156
1964-04-30;339,008000;4,232300;0,174790;0,042323;0,132467
1964-05-29;342,890400;4,200000;0,171461;0,042000;0,129461
1964-06-30;351,081900;4,170000;0,214543;0,041700;0,172843
1964-07-31;357,485500;4,185900;0,240989;0,041859;0,199130
1964-08-31;351,683600;4,193800;0,164100;0,041938;0,122162
1964-09-30;364,275900;4,203800;0,210456;0,042038;0,168418
1964-10-30;367,218500;4,188100;0,182149;0,041881;0,140268
1964-11-30;365,314500;4,152800;0,188545;0,041528;0,147017
1964-12-31;369,988000;4,179500;0,164320;0,041795;0,122525
1965-01-29;382,255500;4,189500;0,171384;0,041895;0,129489
1965-02-26;381,688000;4,211100;0,158219;0,042111;0,116108
1965-03-31;378,850300;4,210400;0,124318;0,042104;0,082214
1965-04-30;391,821600;4,203800;0,155789;0,042038;0,113751
1965-05-31;388,787600;4,211500;0,133854;0,042115;0,091739
1965-06-30;372,782300;4,213200;0,061810;0,042132;0,019678
1965-07-30;377,790000;4,204800;0,056798;0,042048;0,014750
1965-08-31;386,298600;4,252300;0,098427;0,042523;0,055904
1965-09-30;401,454500;4,290500;0,102062;0,042905;0,059157
1965-10-29;412,432500;4,349500;0,123126;0,043495;0,079631
1965-11-30;408,817800;4,448900;0,119085;0,044489;0,074596
1965-12-31;416,091800;4,615500;0,124609;0,046155;0,078454
1966-01-31;418,117600;4,612400;0,093817;0,046124;0,047693
1966-02-28;410,644700;4,832100;0,075865;0,048321;0,027544
1966-03-31;404,747500;4,873500;0,068357;0,048735;0,019622
1966-04-29;413,048400;4,750000;0,054175;0,047500;0,006675
1966-05-31;390,685900;4,778600;0,004883;0,047786;-0,042903
1966-06-30;387,601400;4,814500;0,039753;0,048145;-0,008392
1966-07-29;382,387100;5,018000;0,012168;0,050180;-0,038012
1966-08-31;352,656000;5,224300;-0,087090;0,052243;-0,139333
1966-09-30;353,342100;5,182400;-0,119845;0,051824;-0,171669
1966-10-31;370,141600;5,011500;-0,102540;0,050115;-0,152655
1966-11-30;371,295400;5,155300;-0,091783;0,051553;-0,143336
1966-12-30;374,387600;4,842900;-0,100228;0,048429;-0,148657
1967-01-31;403,656300;4,579000;-0,034587;0,045790;-0,080377
1967-02-28;404,448600;4,626700;-0,015089;0,046267;-0,061356
1967-03-31;423,696900;4,541800;0,046818;0,045418;0,001400
1967-04-28;441,593700;4,593500;0,069109;0,045935;0,023174
1967-05-31;418,435900;4,847700;0,071029;0,048477;0,022552
1967-06-30;429,098800;5,022700;0,107062;0,050227;0,056835
1967-07-31;448,556000;5,159000;0,173042;0,051590;0,121452
1967-08-31;443,301100;5,275700;0,257035;0,052757;0,204278
1967-09-29;461,196000;5,302000;0,305239;0,053020;0,252219
1967-10-31;447,795500;5,481000;0,209795;0,054810;0,154985
1967-11-30;448,272400;5,753500;0,207320;0,057535;0,149785
1967-12-29;463,818900;5,699000;0,238874;0,056990;0,181884
1968-01-31;443,481400;5,528600;0,098661;0,055286;0,043375
1968-02-29;429,634700;5,563700;0,062273;0,055637;0,006636
1968-03-29;437,231200;5,740000;0,031943;0,057400;-0,025457
1968-04-30;473,053100;5,638500;0,071241;0,056385;0,014856
1968-05-31;478,336700;5,869500;0,143154;0,058695;0,084459
1968-06-28;486,334800;5,718000;0,133387;0,057180;0,076207
1968-07-31;477,348500;5,495500;0,064189;0,054955;0,009234
1968-08-30;482,818500;5,420500;0,089143;0,054205;0,034938
1968-09-30;505,088900;5,460000;0,095172;0,054600;0,040572
1968-10-31;508,729300;5,582600;0,136075;0,055826;0,080249
1968-11-29;533,130200;5,696100;0,189300;0,056961;0,132339
1968-12-31;515,026300;6,031900;0,110404;0,060319;0,050085
1969-01-31;510,811300;6,041800;0,151821;0,060418;0,091403
1969-02-28;486,612100;6,188900;0,132618;0,061889;0,070729
1969-03-31;503,373000;6,296000;0,151274;0,062960;0,088314
1969-04-30;518,113500;6,173300;0,095254;0,061733;0,033521
1969-05-30;516,964200;6,323300;0,080754;0,063233;0,017521
1969-06-30;492,130300;6,574300;0,011917;0,065743;-0,053826
1969-07-31;462,514900;6,719500;-0,031075;0,067195;-0,098270
1969-08-29;481,049700;6,691400;-0,003663;0,066914;-0,070577
1969-09-30;472,890400;7,159500;-0,063748;0,071595;-0,135343
1969-10-31;493,812900;7,095500;-0,029321;0,070955;-0,100276
1969-11-28;476,394400;7,144100;-0,106420;0,071441;-0,177861
1969-12-31;471,773100;7,654100;-0,083983;0,076541;-0,160524
1970-01-30;437,028200;7,794800;-0,144443;0,077948;-0,222391
1970-02-27;461,393200;7,238300;-0,051825;0,072383;-0,124208
1970-03-31;463,403700;7,072900;-0,079403;0,070729;-0,150132
1970-04-30;422,869500;7,390900;-0,183828;0,073909;-0,257737
1970-05-29;398,437200;7,906200;-0,229275;0,079062;-0,308337
1970-06-30;379,855600;7,841800;-0,228140;0,078418;-0,306558
1970-07-31;409,055200;7,457300;-0,115585;0,074573;-0,190158
1970-08-31;428,603900;7,527100;-0,109024;0,075271;-0,184295
1970-09-30;444,114000;7,389500;-0,060852;0,073895;-0,134747
1970-10-30;440,422300;7,326700;-0,108119;0,073267;-0,181386
1970-11-30;462,694700;6,841100;-0,028757;0,068411;-0,097168
1970-12-31;490,339600;6,391400;0,039355;0,063914;-0,024559
1971-01-29;511,517600;6,238500;0,170445;0,062385;0,108060
1971-02-26;517,492800;6,112200;0,121587;0,061122;0,060465
1971-03-31;537,871600;5,703500;0,160698;0,057035;0,103663
1971-04-30;558,783700;5,833800;0,321409;0,058338;0,263071
1971-05-31;535,561600;6,392500;0,344156;0,063925;0,280231
1971-06-30;538,741400;6,522300;0,418279;0,065223;0,353056
1971-07-30;517,883400;6,729500;0,266048;0,067295;0,198753
1971-08-31;537,985400;6,582700;0,255204;0,065827;0,189377
1971-09-30;535,595100;6,139500;0,205986;0,061395;0,144591
1971-10-29;514,626600;5,925800;0,168484;0,059258;0,109226
1971-11-30;514,735800;5,810000;0,112474;0,058100;0,054374
1971-12-31;560,464500;5,926400;0,143013;0,059264;0,083749
1972-01-31;571,993400;5,947600;0,118228;0,059476;0,058752
1972-02-29;587,842300;6,081000;0,135943;0,060810;0,075133
1972-03-31;591,317400;6,068600;0,099365;0,060686;0,038679
1972-04-28;596,735700;6,194500;0,067919;0,061945;0,005974
1972-05-31;608,485300;6,126400;0,136163;0,061264;0,074899
1972-06-30;596,652300;6,106800;0,107493;0,061068;0,046425
1972-07-31;599,492400;6,113000;0,157582;0,061130;0,096452
1972-08-31;621,598700;6,210400;0,155419;0,062104;0,093315
1972-09-29;620,032000;6,549500;0,157651;0,065495;0,092156
1972-10-31;627,379200;6,479500;0,219096;0,064795;0,154301
1972-11-30;657,573100;6,280500;0,277496;0,062805;0,214691
1972-12-29;666,929100;6,358500;0,189958;0,063585;0,126373
1973-01-31;656,985900;6,464500;0,148590;0,064645;0,083945
1973-02-28;633,827500;6,635600;0,078227;0,066356;0,011871
1973-03-30;634,338300;6,709100;0,072754;0,067091;0,005663
1973-04-30;610,050000;6,668500;0,022312;0,066685;-0,044373
1973-05-31;600,126800;6,847300;-0,013737;0,068473;-0,082210
1973-06-29;597,725200;6,900000;0,001798;0,069000;-0,067202
1973-07-31;622,033200;7,131000;0,037600;0,071310;-0,033710
1973-08-31;600,823600;7,404800;-0,033422;0,074048;-0,107470
1973-09-28;626,470300;7,090500;0,010384;0,070905;-0,060521
1973-10-31;627,510200;6,794300;0,000209;0,067943;-0,067734
1973-11-30;557,915600;6,728500;-0,151553;0,067285;-0,218838
1973-12-31;568,962300;6,743700;-0,146892;0,067437;-0,214329
1974-01-31;564,879600;6,988600;-0,140195;0,069886;-0,210081
1974-02-28;564,470100;6,957200;-0,109426;0,069572;-0,178998
1974-03-29;552,913200;7,209000;-0,128362;0,072090;-0,200452
1974-04-30;533,086400;7,512400;-0,126159;0,075124;-0,201283
1974-05-31;516,971700;7,575900;-0,138563;0,075759;-0,214322
1974-06-28;511,107800;7,535500;-0,144912;0,075355;-0,220267
1974-07-31;473,190700;7,805000;-0,239284;0,078050;-0,317334
1974-08-30;432,321200;8,044100;-0,280452;0,080441;-0,360893
1974-09-30;382,527900;8,037500;-0,389392;0,080375;-0,469767
1974-10-31;446,824400;7,896800;-0,287941;0,078968;-0,366909
1974-11-29;424,997100;7,681100;-0,238241;0,076811;-0,315052
1974-12-31;418,376400;7,433800;-0,264668;0,074338;-0,339006
1975-01-31;471,588900;7,501400;-0,165151;0,075014;-0,240165
1975-02-28;501,668100;7,392200;-0,111258;0,073922;-0,185180
1975-03-31;514,395800;7,728000;-0,069663;0,077280;-0,146943
1975-04-30;540,621600;8,226800;0,014135;0,082268;-0,068133
1975-05-30;566,383200;8,059500;0,095579;0,080595;0,014984
1975-06-30;593,413000;7,861000;0,161033;0,078610;0,082423
1975-07-31;555,198700;8,061400;0,173309;0,080614;0,092695
1975-08-29;545,439700;8,397600;0,261654;0,083976;0,177678
1975-09-30;528,426100;8,426700;0,381405;0,084267;0,297138
1975-10-31;562,953000;8,137700;0,259898;0,081377;0,178521
1975-11-28;578,822400;8,052900;0,361944;0,080529;0,281415
1975-12-31;574,127900;7,996800;0,372276;0,079968;0,292308
1976-01-30;644,024000;7,742400;0,365647;0,077424;0,288223
1976-02-27;638,596400;7,792800;0,272946;0,077928;0,195018
1976-03-31;660,115700;7,734300;0,283284;0,077343;0,205941
1976-04-30;654,977100;7,564300;0,211526;0,075643;0,135883
1976-05-31;647,695300;7,895000;0,143564;0,078950;0,064614
1976-06-30;676,401300;7,861400;0,139849;0,078614;0,061235
1976-07-30;673,158100;7,831900;0,212463;0,078319;0,134144
1976-08-31;671,921600;7,768600;0,231890;0,077686;0,154204
1976-09-30;689,289300;7,594300;0,304419;0,075943;0,228476
1976-10-29;676,451900;7,411000;0,201613;0,074110;0,127503
1976-11-30;673,690900;7,291100;0,163899;0,072911;0,090988
1976-12-31;711,499400;6,869100;0,239270;0,068691;0,170579
1977-01-31;677,864400;7,213300;0,052545;0,072133;-0,019588
1977-02-28;665,507000;7,391100;0,042140;0,073911;-0,031771
1977-03-31;658,506600;7,460000;-0,002438;0,074600;-0,077038
1977-04-29;661,249800;7,370500;0,009577;0,073705;-0,064128
1977-05-31;648,285400;7,456700;0,000911;0,074567;-0,073656
1977-06-30;680,322000;7,275500;0,005796;0,072755;-0,066959
1977-07-29;671,858600;7,330000;-0,001930;0,073300;-0,075230
1977-08-31;660,304100;7,396500;-0,017290;0,073965;-0,091255
1977-09-30;661,327600;7,343800;-0,040566;0,073438;-0,114004
1977-10-31;635,567800;7,523500;-0,060439;0,075235;-0,135674
1977-11-30;655,665900;7,577400;-0,026756;0,075774;-0,102530
1977-12-30;660,575000;7,685200;-0,071573;0,076852;-0,148425
1978-01-31;622,649200;7,956200;-0,081455;0,079562;-0,161017
1978-02-28;610,021800;8,033300;-0,083373;0,080333;-0,163706
1978-03-31;627,963600;8,035900;-0,046382;0,080359;-0,126741
1978-04-28;684,628900;8,154000;0,035356;0,081540;-0,046184
1978-05-31;690,921600;8,345700;0,065768;0,083457;-0,017689
1978-06-30;681,405300;8,462300;0,001592;0,084623;-0,083031
1978-07-31;721,135500;8,640000;0,073344;0,086400;-0,013056
1978-08-31;742,838400;8,410900;0,124994;0,084109;0,040885
1978-09-29;740,465100;8,416500;0,119665;0,084165;0,035500
1978-10-31;675,907300;8,642400;0,063470;0,086424;-0,022954
1978-11-30;690,419500;8,805000;0,053005;0,088050;-0,035045
1978-12-29;703,980000;9,006500;0,065708;0,090065;-0,024357
1979-01-31;735,183400;9,099500;0,180735;0,090995;0,089740
1979-02-28;711,567500;9,098300;0,166462;0,090983;0,075479
1979-03-30;753,989500;9,117300;0,200690;0,091173;0,109517
1979-04-30;758,739500;9,182000;0,108249;0,091820;0,016429
1979-05-31;742,261400;9,252400;0,074306;0,092524;-0,018218
1979-06-29;774,549900;8,913800;0,136695;0,089138;0,047557
1979-07-31;784,936500;8,950000;0,088473;0,089500;-0,001027
1979-08-31;830,228500;9,029600;0,117643;0,090296;0,027347
1979-09-28;833,797900;9,334700;0,126046;0,093347;0,032699
1979-10-31;780,408000;10,299100;0,154608;0,102991;0,051617
1979-11-30;817,504600;10,653200;0,184069;0,106532;0,077537
1979-12-31;834,985200;10,386000;0,186092;0,103860;0,082232
1980-01-31;886,891300;10,802300;0,206354;0,108023;0,098331
1980-02-29;886,813600;12,414700;0,246282;0,124147;0,122135
1980-03-31;800,597800;12,749000;0,061816;0,127490;-0,065674
1980-04-30;837,612400;11,473300;0,103953;0,114733;-0,010780
1980-05-30;880,718500;10,181400;0,186534;0,101814;0,084720
1980-06-30;908,587300;9,778100;0,173052;0,097781;0,075271
1980-07-31;971,816200;10,247700;0,238083;0,102477;0,135606
1980-08-29;981,640600;11,101900;0,182374;0,111019;0,071355
1980-09-30;1010,517100;11,508600;0,211945;0,115086;0,096859
1980-10-31;1030,975500;11,751400;0,321072;0,117514;0,203558
1980-11-28;1140,810300;12,684700;0,395479;0,126847;0,268632
1980-12-31;1106,387900;12,844100;0,325039;0,128441;0,196598
1981-01-30;1060,098300;12,568600;0,195297;0,125686;0,069611
1981-02-27;1078,509900;13,194400;0,216163;0,131944;0,084219
1981-03-31;1121,643700;13,115900;0,401008;0,131159;0,269849
1981-04-30;1099,953100;13,679500;0,313201;0,136795;0,176406
1981-05-29;1102,769000;14,099500;0,252124;0,140995;0,111129
1981-06-30;1095,865800;13,472300;0,206121;0,134723;0,071398
1981-07-31;1098,120800;14,280900;0,129968;0,142809;-0,012841
1981-08-31;1034,709600;14,937100;0,054062;0,149371;-0,095309
1981-09-30;983,728300;15,323800;-0,026510;0,153238;-0,179748
1981-10-30;1036,818200;15,148100;0,005667;0,151481;-0,145814
1981-11-30;1079,604300;13,392800;-0,053651;0,133928;-0,187579
1981-12-31;1051,919900;13,724500;-0,049230;0,137245;-0,186475
1982-01-29;1038,186200;14,594000;-0,020670;0,145940;-0,166610
1982-02-26;980,154600;14,425600;-0,091196;0,144256;-0,235452
1982-03-31;975,042000;13,861300;-0,130703;0,138613;-0,269316
1982-04-30;1019,108700;13,871900;-0,073498;0,138719;-0,212217
1982-05-31;979,198600;13,622500;-0,112055;0,136225;-0,248280
1982-06-30;969,608100;14,299500;-0,115213;0,142995;-0,258208
1982-07-30;952,358500;13,946200;-0,132738;0,139462;-0,272200
1982-08-31;1067,968300;13,055000;0,032143;0,130550;-0,098407
1982-09-30;1081,283300;12,339000;0,099169;0,123390;-0,024221
1982-10-29;1205,735900;10,906500;0,162919;0,109065;0,053854
1982-11-30;1254,430700;10,550500;0,161936;0,105505;0,056431
1982-12-31;1278,606600;10,540000;0,215498;0,105400;0,110098
1983-01-31;1326,154300;10,457100;0,277376;0,104571;0,172805
1983-02-28;1356,547200;10,724700;0,384014;0,107247;0,276767
1983-03-31;1406,664200;10,506500;0,442670;0,105065;0,337605
1983-04-29;1517,479400;10,400000;0,489026;0,104000;0,385026
1983-05-31;1504,281600;10,380000;0,536237;0,103800;0,432437
1983-06-30;1562,826200;10,848600;0,611812;0,108486;0,503326
1983-07-29;1516,715800;11,377000;0,592589;0,113770;0,478819
1983-08-31;1539,481400;11,846100;0,441505;0,118461;0,323044
1983-09-30;1560,738300;11,653800;0,443413;0,116538;0,326875
1983-10-31;1542,694000;11,541000;0,279463;0,115410;0,164053
1983-11-30;1575,236300;11,690000;0,255738;0,116900;0,138838
1983-12-30;1567,000400;11,829500;0,225553;0,118295;0,107258
1984-01-31;1558,259400;11,674300;0,175021;0,116743;0,058278
1984-02-29;1503,428100;11,842100;0,108276;0,118421;-0,010145
1984-03-30;1529,464800;12,319100;0,087299;0,123191;-0,035892
1984-04-30;1543,973500;12,633500;0,017459;0,126335;-0,108876
1984-05-31;1458,502600;13,408600;-0,030432;0,134086;-0,164518
1984-06-29;1490,181800;13,562900;-0,046483;0,135629;-0,182112
1984-07-31;1471,698100;13,362400;-0,029681;0,133624;-0,163305
1984-08-31;1634,243200;12,716100;0,061554;0,127161;-0,065607
1984-09-28;1634,635400;12,522600;0,047348;0,125226;-0,077878
1984-10-31;1640,933800;12,160500;0,063681;0,121605;-0,057924
1984-11-30;1622,557400;11,572600;0,030041;0,115726;-0,085685
1984-12-31;1665,308500;11,499500;0,062736;0,114995;-0,052259
1985-01-31;1795,056000;11,384300;0,151962;0,113843;0,038119
1985-02-28;1817,040800;11,508900;0,208598;0,115089;0,093509
1985-03-29;1818,244200;11,855200;0,188811;0,118552;0,070259
1985-04-30;1816,533300;11,434800;0,176531;0,114348;0,062183
1985-05-31;1921,486800;10,846800;0,317438;0,108468;0,208970
1985-06-28;1951,593900;10,156000;0,309635;0,101560;0,208075
1985-07-31;1948,745600;10,306800;0,324148;0,103068;0,221080
1985-08-30;1932,005900;10,331800;0,182202;0,103318;0,078884
1985-09-30;1871,576300;10,373200;0,144950;0,103732;0,041218
1985-10-31;1958,021600;10,236800;0,193236;0,102368;0,090868
1985-11-29;2092,324900;9,781600;0,289523;0,097816;0,191707
1985-12-31;2193,541300;9,259000;0,317198;0,092590;0,224608
1986-01-31;2205,792300;9,193800;0,228815;0,091938;0,136877
1986-02-28;2370,669500;8,704200;0,304687;0,087042;0,217645
1986-03-31;2502,930500;7,778500;0,376565;0,077785;0,298780
1986-04-30;2474,747700;7,299100;0,362346;0,072991;0,289355
1986-05-30;2606,407800;7,709500;0,356454;0,077095;0,279359
1986-06-30;2650,453800;7,799500;0,358097;0,077995;0,280102
1986-07-31;2502,208400;7,303200;0,284010;0,073032;0,210978
1986-08-29;2687,765200;7,165700;0,391179;0,071657;0,319522
1986-09-30;2465,564700;7,447600;0,317373;0,074476;0,242897
1986-10-31;2607,751500;7,426400;0,331830;0,074264;0,257566
1986-11-28;2671,133600;7,250600;0,276634;0,072506;0,204128
1986-12-31;2602,967300;7,112700;0,186651;0,071127;0,115524
1987-01-30;2953,476200;7,084500;0,338964;0,070845;0,268119
1987-02-27;3070,179900;7,250500;0,295069;0,072505;0,222564
1987-03-31;3158,763600;7,248600;0,262026;0,072486;0,189540
1987-04-30;3130,717000;8,022900;0,265065;0,080229;0,184836
1987-05-29;3157,859400;8,613000;0,211575;0,086130;0,125445
1987-06-30;3317,330800;8,402300;0,251609;0,084023;0,167586
1987-07-31;3485,379800;8,446800;0,392921;0,084468;0,308453
1987-08-31;3615,428000;8,756500;0,345143;0,087565;0,257578
1987-09-30;3536,169200;9,417000;0,434223;0,094170;0,340053
1987-10-30;2774,612200;9,527400;0,063986;0,095274;-0,031288
1987-11-30;2545,956600;8,860700;-0,046863;0,088607;-0,135470
1987-12-31;2739,639400;8,987000;0,052506;0,089870;-0,037364
1988-01-29;2854,874600;8,661800;-0,033385;0,086618;-0,120003
1988-02-29;2987,954300;8,214800;-0,026782;0,082148;-0,108930
1988-03-31;2895,647900;8,370700;-0,083297;0,083707;-0,167004
1988-04-29;2927,675200;8,712300;-0,064855;0,087123;-0,151978
1988-05-31;2952,997400;9,100600;-0,064874;0,091006;-0,155880
1988-06-30;3088,511200;8,920900;-0,068977;0,089209;-0,158186
1988-07-29;3076,800000;9,050200;-0,117227;0,090502;-0,207729
1988-08-31;2972,289400;9,262400;-0,177887;0,092624;-0,270511
1988-09-30;3098,925000;8,972500;-0,123649;0,089725;-0,213374
1988-10-31;3185,209600;8,790500;0,147984;0,087905;0,060079
1988-11-30;3139,815600;8,961100;0,233256;0,089611;0,143645
1988-12-30;3194,590500;9,107200;0,166062;0,091072;0,074990
1989-01-31;3428,098000;9,091900;0,200788;0,090919;0,109869
1989-02-28;3342,667800;9,171700;0,118714;0,091717;0,026997
1989-03-31;3420,647300;9,358800;0,181306;0,093588;0,087718
1989-04-28;3598,248500;9,173600;0,229046;0,091736;0,137310
1989-05-31;3743,827600;8,847600;0,267806;0,088476;0,179330
1989-06-30;3722,593200;8,273700;0,205303;0,082737;0,122566
1989-07-31;4058,710200;8,012800;0,319134;0,080128;0,239006
1989-08-31;4138,054900;8,114900;0,392211;0,081149;0,311062
1989-09-29;4121,264100;8,186500;0,329901;0,081865;0,248036
1989-10-31;4025,569400;8,002500;0,263832;0,080025;0,183807
1989-11-30;4107,667600;7,876200;0,308251;0,078762;0,229489
1989-12-29;4206,312200;7,832200;0,316698;0,078322;0,238376
1990-01-31;3923,898600;8,267700;0,144628;0,082677;0,061951
1990-02-28;3974,229900;8,476000;0,188940;0,084760;0,104180
1990-03-30;4079,356500;8,592700;0,192569;0,085927;0,106642
1990-04-30;3977,287200;8,779400;0,105340;0,087794;0,017546
1990-05-31;4364,708700;8,755700;0,165841;0,087557;0,078284
1990-06-29;4335,148000;8,484700;0,164551;0,084847;0,079704
1990-07-31;4321,090400;8,478700;0,064646;0,084787;-0,020141
1990-08-31;3930,201700;8,760900;-0,050230;0,087609;-0,137839
1990-09-28;3738,704100;8,890100;-0,092826;0,088901;-0,181727
1990-10-31;3722,663000;8,735300;-0,075246;0,087353;-0,162599
1990-11-30;3963,032800;8,393400;-0,035211;0,083934;-0,119145
1990-12-31;4073,222300;8,060700;-0,031641;0,080607;-0,112248
1991-01-31;4250,394300;8,067900;0,083207;0,080679;0,002528
1991-02-28;4553,987400;7,857700;0,145879;0,078577;0,067302
1991-03-29;4664,378600;8,108400;0,143410;0,081084;0,062326
1991-04-30;4675,138900;8,038900;0,175459;0,080389;0,095070
1991-05-31;4876,810400;8,066100;0,117328;0,080661;0,036667
1991-06-28;4653,338400;8,277200;0,073398;0,082772;-0,009374
1991-07-31;4870,117000;8,261300;0,127057;0,082613;0,044444
1991-08-30;4984,925000;7,892300;0,268364;0,078923;0,189441
1991-09-30;4901,504800;7,650000;0,311017;0,076500;0,234517
1991-10-31;4967,348500;7,511500;0,334354;0,075115;0,259239
1991-11-29;4766,970800;7,408200;0,202859;0,074082;0,128777
1991-12-31;5311,900100;7,079100;0,304103;0,070791;0,233312
1992-01-31;5212,928600;7,021600;0,226458;0,070216;0,156242
1992-02-28;5280,377400;7,331000;0,159506;0,073310;0,086196
1992-03-31;5177,652200;7,527200;0,110041;0,075272;0,034769
1992-04-30;5329,637800;7,460300;0,139996;0,074603;0,065393
1992-05-29;5356,159900;7,375100;0,098292;0,073751;0,024541
1992-06-30;5276,482400;7,250900;0,133913;0,072509;0,061404
1992-07-31;5492,033800;6,830700;0,127701;0,068307;0,059394
1992-08-31;5379,596500;6,572400;0,079173;0,065724;0,013449
1992-09-30;5442,828100;6,394200;0,110440;0,063942;0,046498
1992-10-30;5461,611600;6,566400;0,099502;0,065664;0,033838
1992-11-30;5647,541100;6,852100;0,184723;0,068521;0,116202
1992-12-31;5716,757500;6,744900;0,076217;0,067449;0,008768
1993-01-29;5764,553100;6,575000;0,105819;0,065750;0,040069
1993-02-26;5843,078100;6,244700;0,106564;0,062447;0,044117
1993-03-31;5966,434500;5,960700;0,152344;0,059607;0,092737
1993-04-30;5822,207200;5,955800;0,092421;0,059558;0,032863
1993-05-31;5977,807500;6,009200;0,116062;0,060092;0,055970
1993-06-30;5995,207500;5,939300;0,136213;0,059393;0,076820
1993-07-30;5971,118300;5,781000;0,087233;0,057810;0,029423
1993-08-31;6197,568000;5,668000;0,152051;0,056680;0,095371
1993-09-30;6149,798800;5,346100;0,129890;0,053461;0,076429
1993-10-29;6277,013100;5,314400;0,149297;0,053144;0,096153
1993-11-30;6217,165200;5,699900;0,100862;0,056999;0,043863
1993-12-31;6292,184400;5,741500;0,100656;0,057415;0,043241
1994-01-31;6506,139600;5,707300;0,128646;0,057073;0,071573
1994-02-28;6329,539000;5,954800;0,083254;0,059548;0,023706
1994-03-31;6053,685300;6,474300;0,014624;0,064743;-0,050119
1994-04-29;6131,316200;6,954900;0,053091;0,069549;-0,016458
1994-05-31;6231,959900;7,180100;0,042516;0,071801;-0,029285
1994-06-30;6079,321300;7,092300;0,014030;0,070923;-0,056893
1994-07-29;6278,745300;7,286900;0,051519;0,072869;-0,021350
1994-08-31;6536,168800;7,226000;0,054634;0,072260;-0,017626
1994-09-30;6376,178400;7,430000;0,036811;0,074300;-0,037489
1994-10-31;6519,440500;7,728400;0,038621;0,077284;-0,038663
1994-11-30;6282,012700;7,945000;0,010430;0,079450;-0,069020
1994-12-30;6374,871300;7,807600;0,013141;0,078076;-0,064935
1995-01-31;6540,186000;7,760600;0,005233;0,077606;-0,072373
1995-02-28;6795,066200;7,449900;0,073548;0,074499;-0,000951
1995-03-31;6995,537200;7,196800;0,155583;0,071968;0,083615
1995-04-28;7201,528100;7,047600;0,174548;0,070476;0,104072
1995-05-31;7489,205400;6,619200;0,201742;0,066192;0,135550
1995-06-30;7663,125000;6,154200;0,260523;0,061542;0,198981
1995-07-31;7917,235600;6,268600;0,260958;0,062686;0,198272
1995-08-31;7936,904000;6,476500;0,214305;0,064765;0,149540
1995-09-29;8271,879800;6,189600;0,297310;0,061896;0,235414
1995-10-31;8242,226800;6,033800;0,264254;0,060338;0,203916
1995-11-30;8603,843500;5,918900;0,369600;0,059189;0,310411
1995-12-29;8769,213200;5,703500;0,375591;0,057035;0,318556
1996-01-31;9067,136800;5,636200;0,386373;0,056362;0,330011
1996-02-29;9151,096700;5,790300;0,346727;0,057903;0,288824
1996-03-29;9239,167900;6,256300;0,320723;0,062563;0,258160
1996-04-30;9375,082200;6,494800;0,301818;0,064948;0,236870
1996-05-31;9616,198900;6,729300;0,284008;0,067293;0,216715
1996-06-28;9652,721700;6,900200;0,259633;0,069002;0,190631
1996-07-31;9226,026400;6,855800;0,165309;0,068558;0,096751
1996-08-30;9420,670800;6,620900;0,186945;0,066209;0,120736
1996-09-30;9950,943400;6,820100;0,202985;0,068201;0,134784
1996-10-31;10225,227800;6,525600;0,240590;0,065256;0,175334
1996-11-29;10998,060100;6,179800;0,278273;0,061798;0,216475
1996-12-31;10779,922900;6,288100;0,229292;0,062881;0,166411
1997-01-31;11453,211800;6,553600;0,263156;0,065536;0,197620
1997-02-28;11542,980900;6,395500;0,261377;0,063955;0,197422
1997-03-31;11068,734200;6,693100;0,198023;0,066931;0,131092
1997-04-30;11729,206900;6,871900;0,251104;0,068719;0,182385
1997-05-30;12443,275200;6,700300;0,293991;0,067003;0,226988
1997-06-30;13000,773300;6,485600;0,346851;0,064856;0,281995
1997-07-31;14034,589400;6,212500;0,521195;0,062125;0,459070
1997-08-29;13247,930200;6,289900;0,406262;0,062899;0,343363
1997-09-30;13973,451200;6,207000;0,404234;0,062070;0,342164
1997-10-31;13506,636800;6,019300;0,320913;0,060193;0,260720
1997-11-28;14131,987900;5,863900;0,284953;0,058639;0,226314
1997-12-31;14374,376300;5,794500;0,333440;0,057945;0,275495
1998-01-30;14533,206100;5,539300;0,268920;0,055393;0,213527
1998-02-27;15581,397600;5,563400;0,349859;0,055634;0,294225
1998-03-31;16379,179600;5,640300;0,479770;0,056403;0,423367
1998-04-30;16543,570800;5,629700;0,410459;0,056297;0,354162
1998-05-29;16258,711300;5,648700;0,306626;0,056487;0,250139
1998-06-30;16918,974900;5,491500;0,301382;0,054915;0,246467
1998-07-31;16738,624200;5,454800;0,192669;0,054548;0,138121
1998-08-31;14318,510100;5,322700;0,080811;0,053227;0,027584
1998-09-30;15235,825000;4,803100;0,090341;0,048031;0,042310
1998-10-30;16474,966400;4,516900;0,219768;0,045169;0,174599
1998-11-30;17473,441500;4,824000;0,236446;0,048240;0,188206
1998-12-31;18479,964600;4,641900;0,285619;0,046419;0,239200
1999-01-29;19252,727200;4,726200;0,324741;0,047262;0,277479
1999-02-26;18654,230700;4,990500;0,197212;0,049905;0,147307
1999-03-31;19400,544300;5,227300;0,184464;0,052273;0,132191
1999-04-30;20151,678800;5,182300;0,218097;0,051823;0,166274
1999-05-31;19675,762700;5,540500;0,210167;0,055405;0,154762
1999-06-30;20767,716800;5,899700;0,227481;0,058997;0,168484
1999-07-30;20119,053800;5,797900;0,201954;0,057979;0,143975
1999-08-31;20019,762700;5,941000;0,398174;0,059410;0,338764
1999-09-30;19470,909200;5,910300;0,277969;0,059103;0,218866
1999-10-29;20702,902600;6,102000;0,256628;0,061020;0,195608
1999-11-30;21123,668800;6,028000;0,208901;0,060280;0,148621
1999-12-31;22367,482300;6,263700;0,210364;0,062637;0,147727
2000-01-31;21243,686000;6,661100;0,103412;0,066611;0,036801
2000-02-29;20841,373200;6,523500;0,117246;0,065235;0,052011
2000-03-31;22880,299900;6,261000;0,179364;0,062610;0,116754
2000-04-28;22191,792600;6,004400;0,101238;0,060044;0,041194
2000-05-31;21736,357800;6,424500;0,104728;0,064245;0,040483
2000-06-30;22272,215800;6,099000;0,072444;0,060990;0,011454
2000-07-31;21925,366800;6,044200;0,089781;0,060442;0,029339
2000-08-31;23287,257300;5,832800;0,163213;0,058328;0,104885
2000-09-29;22057,789000;5,795500;0,132859;0,057955;0,074904
2000-10-31;21964,417700;5,743000;0,060934;0,057430;0,003504
2000-11-30;20232,852500;5,718900;-0,042171;0,057189;-0,099360
2000-12-29;20331,735400;5,232700;-0,091014;0,052327;-0,143341
2001-01-31;21053,080200;5,144700;-0,008972;0,051447;-0,060419
2001-02-28;19133,260500;5,101500;-0,081958;0,051015;-0,132973
2001-03-30;17921,174600;4,885000;-0,216742;0,048850;-0,265592
2001-04-30;19313,682300;5,127800;-0,129693;0,051278;-0,180971
2001-05-31;19443,063100;5,368000;-0,105505;0,053680;-0,159185
2001-06-29;18969,715400;5,258600;-0,148279;0,052586;-0,200865
2001-07-31;18782,789100;5,225200;-0,143331;0,052252;-0,195583
2001-08-31;17607,004100;4,972400;-0,243921;0,049724;-0,293645
2001-09-28;16184,966700;4,755100;-0,266247;0,047551;-0,313798
2001-10-31;16493,350100;4,554500;-0,249088;0,045545;-0,294633
2001-11-30;17758,644600;4,605100;-0,122287;0,046051;-0,168338
2001-12-31;17914,201600;5,067300;-0,118904;0,050673;-0,169577
2002-01-31;17652,934000;5,000200;-0,161504;0,050002;-0,211506
2002-02-28;17312,114700;4,903400;-0,095182;0,049034;-0,144216
2002-03-29;17963,206900;5,278900;0,002345;0,052789;-0,050444
2002-04-30;16873,876800;5,206200;-0,126325;0,052062;-0,178387
2002-05-31;16749,557500;5,146100;-0,138533;0,051461;-0,189994
2002-06-28;15557,811000;4,898500;-0,179861;0,048985;-0,228846
2002-07-31;14345,133700;4,620700;-0,236262;0,046207;-0,282469
2002-08-30;14439,008200;4,240700;-0,179928;0,042407;-0,222335
2002-09-30;12869,754000;3,877600;-0,204833;0,038776;-0,243609
2002-10-31;14002,536300;3,905400;-0,151019;0,039054;-0,190073
2002-11-29;14826,704600;4,039100;-0,165099;0,040391;-0,205490
2002-12-31;13955,604800;4,025900;-0,220975;0,040259;-0,261234
2003-01-31;13590,003900;4,020600;-0,230156;0,040206;-0,270362
2003-02-28;13386,097800;3,904600;-0,226779;0,039046;-0,265825
2003-03-31;13515,938600;3,786900;-0,247577;0,037869;-0,285446
2003-04-30;14628,996700;3,941100;-0,133039;0,039411;-0,172450
2003-05-30;15399,680300;3,560900;-0,080592;0,035609;-0,116201
2003-06-30;15595,987900;3,316600;0,002454;0,033166;-0,030712
2003-07-31;15870,436100;3,930600;0,106329;0,039306;0,067023
2003-08-29;16179,793400;4,439000;0,120561;0,044390;0,076171
2003-09-30;16007,968900;4,285800;0,243844;0,042858;0,200986
2003-10-31;16912,802000;4,269200;0,207838;0,042692;0,165146
2003-11-28;17061,337400;4,294500;0,150717;0,042945;0,107772
2003-12-31;17956,004000;4,258600;0,286652;0,042586;0,244066
2004-01-30;18285,564000;4,126400;0,345516;0,041264;0,304252
2004-02-27;18539,543600;4,062600;0,384985;0,040626;0,344359
2004-03-31;18259,822500;3,814300;0,350984;0,038143;0,312841
2004-04-30;17973,289400;4,316400;0,228607;0,043164;0,185443
2004-05-31;18219,648100;4,699300;0,183119;0,046993;0,136126
2004-06-30;18574,051900;4,731300;0,190951;0,047313;0,143638
2004-07-30;17959,250100;4,481100;0,131617;0,044811;0,086806
2004-08-31;18031,744300;4,271200;0,114461;0,042712;0,071749
2004-09-30;18226,931200;4,129500;0,138616;0,041295;0,097321
2004-10-29;18505,457000;4,082000;0,094169;0,040820;0,053349
2004-11-30;19254,131900;4,193500;0,128524;0,041935;0,086589
2004-12-31;19908,841100;4,225900;0,108757;0,042259;0,066498
2005-01-31;19423,539200;4,213900;0,062234;0,042139;0,020095
2005-02-28;19832,253800;4,159700;0,069727;0,041597;0,028130
2005-03-31;19481,051700;4,494300;0,066881;0,044943;0,021938
2005-04-29;19111,636900;4,337600;0,063336;0,043376;0,019960
2005-05-31;19719,703600;4,138300;0,082332;0,041383;0,040949
2005-06-30;19747,734000;3,998700;0,063189;0,039987;0,023202
2005-07-29;20482,085800;4,164000;0,140476;0,041640;0,098836
2005-08-31;20295,224600;4,261200;0,125528;0,042612;0,082916
2005-09-30;20459,597100;4,185500;0,122493;0,041855;0,080638
2005-10-31;20118,611800;4,448800;0,087172;0,044488;0,042684
2005-11-30;20879,482700;4,535000;0,084416;0,045350;0,039066
2005-12-30;20885,755000;4,464300;0,049069;0,044643;0,004426
2006-01-31;21438,900900;4,408300;0,103759;0,044083;0,059676
2006-02-28;21496,861300;4,564900;0,083934;0,045649;0,038285
2006-03-31;21764,237200;4,723700;0,117200;0,047237;0,069963
2006-04-28;22056,413700;4,991500;0,154083;0,049915;0,104168
2006-05-31;21421,633700;5,102900;0,086306;0,051029;0,035277
2006-06-30;21450,035200;5,104000;0,086202;0,051040;0,035162
2006-07-31;21582,418100;5,096100;0,053722;0,050961;0,002761
2006-08-31;22095,963600;4,881500;0,088727;0,048815;0,039912
2006-09-29;22664,839900;4,723100;0,107785;0,047231;0,060554
2006-10-31;23403,302300;4,725100;0,163266;0,047251;0,116015
2006-11-30;23848,373200;4,597400;0,142192;0,045974;0,096218
2006-12-29;24180,839300;4,569100;0,157767;0,045691;0,112076
2007-01-31;24546,489700;4,759900;0,144951;0,047599;0,097352
2007-02-28;24066,489700;4,728600;0,119535;0,047286;0,072249
2007-03-30;24335,301900;4,560000;0,118133;0,045600;0,072533
2007-04-30;25413,353900;4,688600;0,152198;0,046886;0,105312
2007-05-31;26299,898500;4,747900;0,227726;0,047479;0,180247
2007-06-29;25862,721800;5,105600;0,205719;0,051056;0,154663
2007-07-31;25060,919400;5,007400;0,161173;0,050074;0,111099
2007-08-31;25436,529000;4,677100;0,151184;0,046771;0,104413
2007-09-28;26387,562500;4,513400;0,164251;0,045134;0,119117
2007-10-31;26807,294100;4,522900;0,145449;0,045229;0,100220
2007-11-30;25707,366300;4,161900;0,077951;0,041619;0,036332
2007-12-31;25528,037600;4,099600;0,055713;0,040996;0,014717
2008-01-31;23996,792600;3,734000;-0,022394;0,037340;-0,059734
2008-02-29;23217,141400;3,725700;-0,035292;0,037257;-0,072549
2008-03-31;23116,768100;3,485600;-0,050073;0,034856;-0,084929
2008-04-30;24242,751100;3,649900;-0,046063;0,036499;-0,082562
2008-05-30;24556,754000;3,872500;-0,066280;0,038725;-0,105005
2008-06-30;22486,331400;4,091200;-0,130550;0,040912;-0,171462
2008-07-31;22297,306200;3,981900;-0,110276;0,039819;-0,150095
2008-08-29;22619,881500;3,889900;-0,110732;0,038899;-0,149631
2008-09-30;20604,103400;3,684000;-0,219174;0,036840;-0,256014
2008-10-31;17143,627400;3,787500;-0,360486;0,037875;-0,398361
2008-11-28;15913,606900;3,524900;-0,380971;0,035249;-0,416220
2008-12-31;16082,697000;2,423900;-0,369999;0,024239;-0,394238
2009-01-30;14727,194600;2,489300;-0,386285;0,024893;-0,411178
2009-02-27;13159,062200;2,856900;-0,433218;0,028569;-0,461787
2009-03-31;14311,783000;2,809100;-0,380892;0,028091;-0,408983
2009-04-30;15681,273300;2,900800;-0,353156;0,029008;-0,382164
2009-05-29;16557,863300;3,291000;-0,325731;0,032910;-0,358641
2009-06-30;16590,634400;3,706200;-0,262190;0,037062;-0,299252
2009-07-31;17845,400500;3,536000;-0,199661;0,035360;-0,235021
2009-08-31;18489,335500;3,577300;-0,182607;0,035773;-0,218380
2009-09-30;19179,192900;3,394100;-0,069157;0,033941;-0,103098
2009-10-30;18822,711900;3,366200;0,097942;0,033662;0,064280
2009-11-30;19950,965700;3,387100;0,253705;0,033871;0,219834
2009-12-31;20336,271400;3,581300;0,264481;0,035813;0,228668
2010-01-29;19604,758800;3,710700;0,331194;0,037107;0,294087
2010-02-26;20211,637700;3,679100;0,535948;0,036791;0,499157
2010-03-31;21431,351000;3,719800;0,497462;0,037198;0,460264
2010-04-30;21769,545600;3,823600;0,388251;0,038236;0,350015
2010-05-31;20031,296400;3,403600;0,209775;0,034036;0,175739
2010-06-30;18982,553600;3,190200;0,144173;0,031902;0,112271
2010-07-30;20312,451300;2,988700;0,138246;0,029887;0,108359
2010-08-31;19395,410500;2,683700;0,049005;0,026837;0,022168
2010-09-30;21126,255600;2,638500;0,101520;0,026385;0,075135
2010-10-29;21930,070600;2,517700;0,165086;0,025177;0,139909
2010-11-30;21932,711900;2,741000;0,099331;0,027410;0,071921
2010-12-31;23398,639500;3,277600;0,150587;0,032776;0,117811
2011-01-31;23953,123800;3,365600;0,221802;0,033656;0,188146
2011-02-28;24773,535500;3,564100;0,225706;0,035641;0,190065
2011-03-31;24783,529400;3,404300;0,156415;0,034043;0,122372
2011-04-29;25517,289300;3,433500;0,172155;0,034335;0,137820
2011-05-31;25228,369200;3,158300;0,259448;0,031583;0,227865
2011-06-30;24807,802800;2,988200;0,306874;0,029882;0,276992
2011-07-29;24303,193200;2,980000;0,196468;0,029800;0,166668
2011-08-31;22982,797200;2,291300;0,184961;0,022913;0,162048
2011-09-30;21367,190200;1,961800;0,011405;0,019618;-0,008213
2011-10-31;23702,449800;2,131600;0,080820;0,021316;0,059504
2011-11-30;23649,829900;2,006300;0,078290;0,020063;0,058227
2011-12-30;23891,306100;1,969100;0,021055;0,019691;0,001364
2012-01-31;24961,928200;1,942900;0,042116;0,019429;0,022687
2012-02-29;26041,343600;1,959400;0,051176;0,019594;0,031582
2012-03-30;26896,888800;2,161600;0,085273;0,021616;0,063657
2012-04-30;26727,901000;2,029900;0,047443;0,020299;0,027144
2012-05-31;25121,568600;1,789700;-0,004233;0,017897;-0,022130
2012-06-29;26156,686400;1,610000;0,054373;0,016100;0,038273
2012-07-31;26519,894700;1,500400;0,091210;0,015004;0,076206
2012-08-31;27117,713300;1,670500;0,179914;0,016705;0,163209
2012-09-28;27818,395200;1,709400;0,301921;0,017094;0,284827
2012-10-31;27304,758400;1,722000;0,151980;0,017220;0,134760
2012-11-30;27463,086500;1,646100;0,161238;0,016461;0,144777
2012-12-31;27712,302000;1,706000;0,159932;0,017060;0,142872
2013-01-31;29147,538400;1,890200;0,167680;0,018902;0,148778
2013-02-28;29543,027900;1,964800;0,134466;0,019648;0,114818
2013-03-29;30651,033600;1,945900;0,139575;0,019459;0,120116
2013-04-30;31241,516800;1,733100;0,168873;0,017331;0,151542
2013-05-31;31971,949600;1,917100;0,272689;0,019171;0,253518
2013-06-28;31542,687500;2,292200;0,205913;0,022922;0,182991
2013-07-31;33147,700100;2,560900;0,249918;0,025609;0,224309
2013-08-30;32187,333400;2,732200;0,186949;0,027322;0,159627
2013-09-30;33196,800400;2,802800;0,193340;0,028028;0,165312
2013-10-31;34722,622400;2,598100;0,271669;0,025981;0,245688
2013-11-29;35780,545200;2,705300;0,302860;0,027053;0,275807
2013-12-31;36683,930600;2,892100;0,323742;0,028921;0,294821
2014-01-31;35415,611200;2,842100;0,215046;0,028421;0,186625
2014-02-28;37035,341900;2,696800;0,253607;0,026968;0,226639
2014-03-31;37346,734100;2,717700;0,218449;0,027177;0,191272
2014-04-30;37622,702900;2,694500;0,204253;0,026945;0,177308
2014-05-30;38505,541700;2,555000;0,204354;0,025550;0,178804
2014-06-30;39300,999700;2,592200;0,245962;0,025922;0,220040
2014-07-31;38758,949200;2,527700;0,169280;0,025277;0,144003
2014-08-29;40309,358200;2,413100;0,252336;0,024131;0,228205
2014-09-30;39744,126700;2,527500;0,197228;0,025275;0,171953
2014-10-31;40714,691500;2,287400;0,172570;0,022874;0,149696
2014-11-28;41809,194500;2,319300;0,168490;0,023193;0,145297
2014-12-31;41701,609300;2,201800;0,136781;0,022018;0,114763
2015-01-30;40449,797400;1,867200;0,142146;0,018672;0,123474
2015-02-27;42774,451100;1,974400;0,154963;0,019744;0,135219
2015-03-31;42098,116600;2,037200;0,127224;0,020372;0,106852
2015-04-30;42501,841600;1,924900;0,129686;0,019249;0,110437
2015-05-29;43048,467700;2,196900;0,117981;0,021969;0,096012
2015-06-30;42215,127300;2,359800;0,074149;0,023598;0,050551
2015-07-31;43099,719200;2,315900;0,111994;0,023159;0,088835
2015-08-31;40499,162300;2,161000;0,004709;0,021610;-0,016901
2015-09-30;39497,236600;2,166400;-0,006212;0,021664;-0,027876
2015-10-30;42828,915700;2,057700;0,051928;0,020577;0,031351
2015-11-30;42956,344500;2,258600;0,027438;0,022586;0,004852
2015-12-31;42274,954700;2,236200;0,013749;0,022362;-0,008613
2016-01-29;40177,037300;2,076400;-0,006743;0,020764;-0,027507
2016-02-29;40122,899000;1,772400;-0,061989;0,017724;-0,079713
2016-03-31;42844,659700;1,884600;0,017733;0,018846;-0,001113
2016-04-29;43010,858700;1,797900;0,011976;0,017979;-0,006003
2016-05-31;43783,088300;1,803000;0,017065;0,018030;-0,000965
2016-06-30;43896,721000;1,641400;0,039834;0,016414;0,023420
2016-07-29;45514,953500;1,495000;0,056038;0,014950;0,041088
2016-08-31;45579,003500;1,557400;0,125431;0,015574;0,109857
2016-09-30;45587,513100;1,627500;0,154195;0,016275;0,137920
2016-10-31;44755,916800;1,757400;0,044993;0,017574;0,027419
2016-11-30;46413,509700;2,140700;0,080481;0,021407;0,059074
2016-12-30;47327,813600;2,489600;0,119524;0,024896;0,094628
2017-01-31;48225,448200;2,426800;0,200324;0,024268;0,176056
2017-02-28;50140,254000;2,417000;0,249667;0,024170;0,225497
2017-03-31;50198,740900;2,480500;0,171645;0,024805;0,146840
2017-04-28;50714,334800;2,289500;0,179105;0,022895;0,156210
2017-05-31;51427,987900;2,301200;0,174609;0,023012;0,151597
2017-06-30;51748,943700;2,186500;0,178879;0,021865;0,157014
2017-07-31;52813,016000;2,314800;0,160344;0,023148;0,137196
2017-08-31;52974,683900;2,206300;0,162261;0,022063;0,140198
2017-09-29;54067,465300;2,198600;0,186015;0,021986;0,164029
2017-10-31;55329,061800;2,357700;0,236240;0,023577;0,212663
2017-11-30;57026,078600;2,354300;0,228653;0,023543;0,205110
2017-12-29;57656,054200;2,403600;0,218228;0,024036;0,194192
2018-01-31;60955,835400;2,584300;0,263977;0,025843;0,238134
2018-02-28;58709,018000;2,858000;0,170896;0,028580;0,142316
2018-03-30;57217,128300;2,843500;0,139812;0,028435;0,111377
2018-04-30;57436,600600;2,869700;0,132552;0,028697;0,103855
2018-05-31;58819,520200;2,980900;0,143726;0,029809;0,113917
2018-06-29;59181,578500;2,914600;0,143629;0,029146;0,114483
2018-07-31;61384,047400;2,889600;0,162290;0,028896;0,133394
2018-08-31;63384,133100;2,889100;0,196499;0,028891;0,167608
2018-09-28;63744,901100;3,003200;0,178988;0,030032;0,148956
2018-10-31;59387,792500;3,154200;0,073356;0,031542;0,041814
2018-11-30;60597,842700;3,116500;0,062634;0,031165;0,031469
2018-12-31;55123,080700;2,834400;-0,043932;0,028344;-0,072276
2019-01-31;59540,334100;2,706900;-0,023222;0,027069;-0,050291
2019-02-28;61452,052200;2,674000;0,046723;0,026740;0,019983
2019-03-29;62646,206600;2,570800;0,094886;0,025708;0,069178
2019-04-30;65182,705700;2,529800;0,134864;0,025298;0,109566
2019-05-31;61040,418300;2,392200;0,037758;0,023922;0,013836
2019-06-28;65342,374100;2,074100;0,104100;0,020741;0,083359
2019-07-31;66281,521500;2,056000;0,079784;0,020560;0,059224
2019-08-30;65231,617800;1,626200;0,029147;0,016262;0,012885
2019-09-30;66452,148400;1,698300;0,042470;0,016983;0,025487
2019-10-31;67891,322700;1,702500;0,143187;0,017025;0,126162
2019-11-29;70355,771100;1,813800;0,161028;0,018138;0,142890
2019-12-31;72474,537800;1,860400;0,314777;0,018604;0,296173
2020-01-31;72442,694600;1,754700;0,216699;0,017547;0,199152
2020-02-28;66479,112300;1,507000;0,081805;0,015070;0,066735
2020-03-31;58268,142700;0,880900;-0,069886;0,008809;-0,078695
2020-04-30;65737,762500;0,655500;0,008515;0,006555;0,001960
2020-05-29;68868,846500;0,670700;0,128250;0,006707;0,121543
2020-06-30;70238,453800;0,724500;0,074930;0,007245;0,067685
2020-07-31;74198,631600;0,617500;0,119447;0,006175;0,113272
2020-08-31;79532,220300;0,647200;0,219228;0,006472;0,212756
2020-09-30;76510,251700;0,677600;0,151359;0,006776;0,144583
2020-10-30;74475,552500;0,777100;0,096982;0,007771;0,089211
2020-11-30;82627,786100;0,868300;0,174428;0,008683;0,165745
2020-12-31;85801,580600;0,926500;0,183886;0,009265;0,174621
2021-01-29;84928,341300;1,060100;0,172352;0,010601;0,161751
2021-02-26;87270,302200;1,249500;0,312748;0,012495;0,300253
2021-03-31;91091,999400;1,607500;0,563324;0,016075;0,547249
2021-04-30;95953,407800;1,619000;0,459639;0,016190;0,443449
2021-05-31;96623,682900;1,612400;0,403010;0,016124;0,386886
2021-06-30;98879,058600;1,513200;0,407762;0,015132;0,392630
2021-07-30;101227,750400;1,314600;0,364281;0,013146;0,351135
2021-08-31;104305,740200;1,277600;0,311490;0,012776;0,298714
2021-09-30;99453,033300;1,367600;0,299865;0,013676;0,286189
2021-10-29;106420,937200;1,579200;0,428938;0,015792;0,413146
2021-11-30;105681,283800;1,561600;0,279004;0,015616;0,263388
2021-12-31;110410,377400;1,462700;0,286811;0,014627;0,272184
2022-01-31;104696,796200;1,763900;0,232766;0,017639;0,215127
2022-02-28;101561,987600;1,935700;0,163763;0,019357;0,144406
2022-03-31;105332,835700;2,127700;0,156335;0,021277;0,135058
2022-04-29;96147,776200;2,749800;0,002026;0,027498;-0,025472
2022-05-31;96325,297000;2,901000;-0,003088;0,029010;-0,032098
2022-06-30;88371,138700;3,130000;-0,106270;0,031300;-0,137570
2022-07-29;96519,573600;2,895600;-0,046511;0,028956;-0,075467
2022-08-31;92583,252700;2,898500;-0,112386;0,028985;-0,141371
2022-09-30;84054,124300;3,524100;-0,154836;0,035241;-0,190077
2022-10-31;90859,429600;3,975900;-0,146226;0,039759;-0,185985
2022-11-30;95937,032200;3,885000;-0,092204;0,038850;-0,131054
2022-12-30;90400,052300;3,617700;-0,181236;0,036177;-0,217413
2023-01-31;96079,771800;3,532300;-0,082305;0,035323;-0,117628
2023-02-28;93728,503500;3,748500;-0,077130;0,037485;-0,114615
2023-03-31;97167,949400;3,664300;-0,077515;0,036643;-0,114158
2023-04-28;98684,616300;3,458500;0,026385;0,034585;-0,008200
2023-05-31;99113,760300;3,573300;0,028948;0,035733;-0,006785
2023-06-30;105662,583100;3,744700;0,195668;0,037447;0,158221
2023-07-31;109056,994000;3,896600;0,129895;0,038966;0,090929
2023-08-31;107320,623900;4,169300;0,159180;0,041693;0,117487
2023-09-29;102203,743100;4,377400;0,215928;0,043774;0,172154
2023-10-31;100054,825600;4,797500;0,101205;0,047975;0,053230
2023-11-30;109192,430600;4,501200;0,138168;0,045012;0,093156
2023-12-29;114140,081400;4,017100;0,262611;0,040171;0,222440
2024-01-31;116056,905900;4,049600;0,207922;0,040496;0,167426
2024-02-29;122253,775800;4,210400;0,304339;0,042104;0,262235
2024-03-29;126187,123400;4,205700;0,298650;0,042057;0,256593
2024-04-30;121033,127500;4,537000;0,226464;0,045370;0,181094
2024-05-31;127034,621500;4,486800;0,281705;0,044868;0,236837
2024-06-28;131592,470200;4,310100;0,245403;0,043101;0,202302
2024-07-31;133194,283100;4,244300;0,221327;0,042443;0,178884
2024-08-30;136425,248900;3,871300;0,271193;0,038713;0,232480
2024-09-30;139338,494200;3,722500;0,363340;0,037225;0,326115
2024-10-31;138063,104500;4,093900;0,379875;0,040939;0,338936
2024-11-29;146167,406100;4,363200;0,338622;0,043632;0,294990
2024-12-31;142672,210200;4,394500;0,249975;0,043945;0,206030
2025-01-31;146637,467400;4,629000;0,263496;0,046290;0,217206
2025-02-28;144723,909700;4,452500;0,183799;0,044525;0,139274
2025-03-31;136569,593200;4,277600;0,082278;0,042776;0,039502
2025-04-30;135643,473100;4,318000;0,120714;0,043180;0,077534
2025-05-30;144181,712600;4,471500;0,134980;0,044715;0,090265
2025-06-30;151513,108100;4,427000;0,151381;0,044270;0,107111
2025-07-31;154913,501700;4,430800;0,163064;0,044308;0,118756
2025-08-29;158053,880700;4,308800;0,158538;0,043088;0,115450
2025-09-30;163807,733800;4,158000;0,175610;0,041580;0,134030
2025-10-31;167643,069800;4,090700;0,214250;0,040907;0,173343
2025-11-28;168053,996900;4,129400;0,149736;0,041294;0,108442
2025-12-31;168153,444700;4,182900;0,178600;0,041829;0,136771
