data;^SP500TR;AEE;AEP;CNP;D;ED;EIX;ES;ETR;EXC;FE;HE;IDA;NEE;NWE;OGE;PCG;PEG;PNW;PPL
2020-10-12;1,00206208;1,00414370;1,01892661;0,97566665;0,99547565;0,98970273;1,03601342;0,99164760;1,00774705;1,07372466;1,01505461;0,98955614;0,99645405;1,00888032;0,99444034;0,99791756;0,97862447;1,03370398;0,98195275;0,98790603
2020-10-19;0,99485687;1,01213730;1,00393344;1,06618716;0,99668365;0,99877628;1,04095697;1,00601597;1,02137408;1,00261332;1,05080464;1,02316042;1,04752586;0,99172120;1,08579132;1,05069698;0,97340930;1,02386522;1,06981622;1,00279813
2020-10-26;0,94380873;0,97277841;0,97877667;0,95051706;0,99014041;0,96188727;0,92643403;0,94889679;0,92905010;0,94526067;0,89249260;0,94670488;0,96142490;0,96624550;0,92560361;0,92792529;0,93268292;0,95453084;0,94050509;0,95919093
2020-11-02;1,07359788;1,00899919;1,01100856;1,08187432;1,04182211;0,99120928;1,04068518;1,06313708;1,03645550;1,07395357;0,97812920;1,00393441;1,02918040;1,03428482;1,01515427;1,02957427;1,06171532;1,00464316;1,03755901;1,00399988
2020-11-09;1,02214230;1,00329878;0,98845168;1,06080491;1,01469533;1,04922866;1,09842254;1,00549691;1,04070129;1,00116675;1,02894476;1,12541484;1,04626883;1,01941317;1,10204082;1,07196939;1,12315285;1,01643264;1,06766924;1,07968117
2020-11-16;0,99271371;0,95530892;0,92541302;0,96742268;0,92605692;0,94805864;0,98938506;0,95004819;1,00693210;0,98505376;0,94883083;0,97615833;0,96340581;0,97875430;1,00771618;0,99322748;1,11052643;0,98029637;0,93058330;0,97785987
2020-11-23;1,02298291;1,00688362;1,02945831;1,03215278;1,00495855;1,01429120;0,99069086;0,99210217;1,02321530;0,99689543;0,95428566;1,01168067;1,01971170;0,99444088;1,03726388;0,99762806;1,00552904;1,01958447;1,00828822;0,99862781
2020-11-30;1,01723965;0,97581983;0,98198301;0,94972995;0,96002044;0,96836824;0,98471121;0,97281934;0,95713411;0,98059388;1,08345832;0,98303192;0,99413542;0,96978666;0,93963269;0,97711768;0,98114699;0,97101933;0,98177304;0,98282360
2020-12-07;0,99052885;1,00505939;0,99244514;0,95144355;0,99502482;0,97145130;1,01568803;1,00292226;0,96299037;1,00635245;1,04939551;1,04315171;1,02545358;1,01765087;0,97712990;0,97810212;0,95596469;0,98004489;0,96735806;0,98147523
2020-12-14;1,01286487;1,02469103;1,00640402;1,00551711;1,00614094;0,97252586;0,99585972;0,98741140;0,97314656;1,03350327;0,99868319;0,94742465;1,01129229;1,00961994;1,00071465;0,96828350;1,02763823;1,01470772;0,98657804;0,97366732
2020-12-21;0,99851694;0,96969318;0,97754842;0,98674013;0,98487474;0,99002150;0,99440367;0,99338893;0,95330950;0,98261679;0,97824668;0,97436616;1,00189617;1,00630821;1,02166448;1,00032114;1,00977994;1,00580794;0,99008283;0,99777343
2020-12-28;1,01450762;1,02079233;1,02272184;1,00278039;1,01306702;1,02597940;1,01013016;1,03498525;1,04708946;1,00932354;1,03133419;1,02312813;1,00967305;1,02894122;1,03003014;1,02279301;1,00564976;1,02012240;1,02671114;1,04871718
2021-01-04;1,01880695;0,96079921;0,95088255;0,95702383;0,97340428;0,96762127;1,00241089;1,04415652;0,95643021;0,99976324;0,97713180;0,96580959;0,92898034;1,05158773;0,97616185;1,00659122;0,98234353;0,98301899;0,97273307;0,98617030
2021-01-11;0,98539081;0,99186683;1,01629209;1,03621439;0,98469960;0,99528108;0,99309796;0,98051636;0,99748671;1,02724462;1,05884300;0,99853724;1,01277912;1,01121638;1,03882645;0,98835994;1,00000000;1,03611929;1,01002945;1,02732818
2021-01-18;1,01956537;0,97970134;1,02000743;0,99906816;1,00291363;0,98893695;0,95846130;0,98690257;0,98656171;0,98108854;0,98736973;1,01084061;0,97852773;1,02645046;0,93742606;1,00191677;0,95751627;0,98282232;0,98141292;0,97374860
2021-01-25;0,96711359;0,99780480;0,98574566;0,98367514;1,00829984;1,02833051;0,98077558;1,00102961;1,01447269;0,97696293;0,98369045;0,95826096;0,99875598;0,96033745;0,98268090;0,97321442;0,97525612;0,96692955;0,97613223;0,99460830
2021-02-01;1,04669440;1,02035200;1,01581980;1,01469909;1,01166119;1,01017227;1,00842509;1,00342880;1,01363691;1,05101058;1,04941476;1,03145792;1,00373701;1,03375765;1,03616659;1,02981660;1,03762023;1,05121387;1,04493122;1,00722819
2021-02-08;1,01282641;0,98760127;0,95644235;0,99906534;0,97464096;0,99384656;0,98738283;0,97004565;0,98199314;0,96634622;0,97957322;1,01818197;0,98381946;0,99437801;1,00000000;1,00349983;0,99494094;0,98229939;0,97955799;1,00502326
2021-02-15;0,99323207;0,98703620;1,01525676;1,00233858;0,98998171;0,95947068;0,95354858;0,95643995;0,99179277;0,98033625;1,08930850;1,00864035;1,01954005;0,93949246;1,03880207;1,01204816;0,98644074;0,99107613;1,00091881;0,98821855
2021-02-22;0,97590531;0,97151923;0,94650954;0,91392838;0,96022502;0,97350965;0,97772563;0,97569333;0,93163766;0,93281790;0,97384646;0,99828681;0,97799940;0,94084522;0,99744171;0,91697978;0,90292102;0,93212093;0,91699450;0,94617056
2021-03-01;1,00838357;1,03685786;1,05410816;1,06275723;1,02254083;1,04036566;1,06871611;1,01484690;1,02672493;1,02694282;1,00211233;1,07556506;1,04522247;0,96721474;1,04155276;1,08438696;1,03235028;1,04514234;1,09109098;1,07865597
2021-03-08;1,02687781;1,06093849;1,02712338;1,06340759;1,06229485;1,03865300;1,00901237;1,02551347;1,07438583;1,08486746;1,05179174;1,07814182;1,07810092;1,07029715;1,03628290;1,00220541;1,06082911;1,02541782;1,02660569;0,98088490
2021-03-15;0,99256445;1,02701873;1,03245263;1,01319981;0,99741664;1,01917099;1,02147016;1,00048724;1,02798664;1,00892245;0,99799585;1,06127030;1,03159075;0,93617038;1,01825737;1,01477496;0,97827977;1,03048896;1,03140560;1,08373202
2021-03-22;1,01580966;1,03375631;1,01577637;0,98697216;1,03312880;1,02959877;1,02034653;1,04443611;1,00000000;1,01303242;0,98307507;1,04224347;1,01356612;1,04545457;1,01901626;1,00371769;1,07193615;1,00661997;0,99294426;0,98918565
2021-03-29;1,01159295;0,99472150;1,00647127;1,03095126;0,99920811;0,99798518;0,96061296;1,00792653;1,01219017;1,00872948;1,00116735;1,00562958;0,98671393;1,02308951;0,99938336;1,00648147;0,95277554;1,00623937;1,01982071;0,98291761
2021-04-05;1,02755070;0,99382944;1,00409174;1,02604862;1,00765988;1,01184543;1,03572607;0,99664607;1,01505415;1,02095183;1,01340707;0,94894740;0,99172147;1,02863913;1,03348752;0,98742727;1,00086940;1,02647934;0,99951092;0,99548116
2021-04-12;1,01388576;1,04606965;1,03096994;1,03528387;1,03394507;1,04044184;1,02763356;1,04072883;1,05438003;1,02966758;1,02645960;1,00660691;1,01619246;1,03849100;1,03822625;1,05242713;1,00608171;1,03428559;1,03827825;1,01745840
2021-04-19;0,99888192;1,00641046;0,99040102;1,00290926;1,00621111;0,99028242;0,96463482;0,98305288;1,00065648;0,97292053;1,02829943;1,00187547;0,99247823;0,96664211;0,98144673;0,98446363;0,94732292;0,99352806;0,98716140;1,00068630
2021-04-26;1,00038737;1,00070764;1,01151645;1,01491932;1,00655085;0,99948372;1,00439303;0,97788351;1,02417773;1,00066769;1,03324269;1,00748694;1,02193845;0,99066969;0,99692268;1,01851298;1,03190516;1,00349541;1,01002280;0,99897098
2021-05-03;1,01263634;1,00165017;0,98286548;1,00000000;0,98185209;1,00878397;0,98536582;0,97506373;0,99103299;0,99421453;0,98945112;1,04946603;1,00761135;0,96155322;0,99573717;1,01102520;0,96643119;0,99984163;1,02757094;1,00411961
2021-05-10;0,98653476;0,98493730;1,00349517;1,02164147;0,99515623;1,01126925;0,99675634;1,01248947;0,99825844;1,00917657;1,01282676;0,98694399;0,99324938;0,98108181;0,96102723;1,01385201;0,98811700;0,99002385;0,99930345;1,00034182
2021-05-17;0,99608507;1,01684621;0,99873212;0,98760996;1,00204959;0,99987324;0,99623224;0,98789947;0,99496187;1,02574648;1,01063521;0,98923752;0,98969062;1,01805215;0,96973907;0,97965101;0,95097124;1,00799738;0,99907043;1,00820245
2021-05-24;1,01195288;0,98930795;0,99249864;1,03055263;0,97328378;0,98794204;0,96046076;0,97247159;0,98705943;0,98429308;0,99736931;0,98329302;0,97172642;0,98361123;1,00348475;1,02373883;0,98638151;0,98571889;0,98371722;0,98677957
2021-05-31;1,00644376;1,02292167;1,00034878;1,00395253;1,00499116;1,00000000;1,01073935;1,01046929;1,00627010;1,01063830;1,01107884;1,00743340;1,00602332;0,98798119;1,00457775;0,99507258;1,02366852;0,98631675;1,02896647;0,99587764
2021-06-07;1,00430472;0,99605222;0,98523804;1,02952757;1,01885699;0,99987050;1,02656277;1,00938568;1,02851211;1,02872806;1,01121835;1,03389437;1,02384821;1,02126725;1,02309881;1,03262441;1,01156078;1,00865017;1,00746887;1,01172834
2021-06-14;0,98129947;0,96325585;0,97156658;0,94187406;0,96766697;0,96452129;0,95877167;0,96510099;0,94905449;0,94969095;0,95794631;0,93532552;0,98265445;0,99714255;0,94132999;0,94301829;0,97142855;0,96825366;0,92438412;0,95507150
2021-06-21;1,02757694;0,99549399;1,02938662;1,00487186;1,00387613;0,99167691;1,02554868;1,00462971;0,98249365;1,00179575;1,01508191;1,02098249;1,00897714;1,00791464;1,00648398;1,02841759;0,99705880;1,00876315;1,01949417;1,02499092
2021-06-28;1,01705105;0,98727629;1,00507253;1,00646453;0,98801750;0,98104779;1,00087727;1,00510629;1,00226405;1,01120309;0,99442843;0,99042487;0,97610722;1,00568651;0,98887078;0,99563703;1,02458209;1,00400945;1,00326752;0,99823319
2021-07-05;1,00421472;1,01511783;1,00223024;1,02248110;1,01805698;1,01145299;1,03339106;1,02391582;1,01090269;0,99512537;1,00133376;1,00235799;1,01679643;1,00955852;1,00678581;0,99123603;0,99520159;1,00648910;1,00904724;1,00672584
2021-07-12;0,99044171;1,03833013;1,02459284;1,00471136;1,02131046;1,02223760;0,99502422;1,05724328;1,01748925;1,02404812;1,00692817;1,00964466;1,04522559;1,03907184;1,03287861;1,02095344;0,94406940;1,02066457;1,03275518;1,00527419
2021-07-19;1,01972832;0,98036673;0,98274089;0,98397803;0,97615318;0,98999053;0,96964990;0,98695036;0,98109254;1,01152425;1,01799409;1,00629093;1,00944383;0,99075970;1,00254654;0,98247147;0,94177750;0,99157772;0,97870144;0,98845751
2021-07-26;0,99647029;1,00635574;1,02488977;1,01111985;0,99402568;0,99447293;0,96923347;1,00057996;1,00175195;1,00601882;0,99610116;1,00347300;1,00668258;1,00906725;0,98412442;1,00356836;0,95336214;1,01649771;0,98817269;1,00389243
2021-08-02;1,00959239;1,03503332;1,01384441;1,04006304;1,01509266;1,02372245;1,01045873;1,03118127;1,03080059;1,01709386;0,98721299;1,01130604;1,01156969;1,03478826;1,00967892;1,03822210;0,97042072;1,02619320;0,97101683;1,03031373
2021-08-09;1,00751696;1,02279545;1,00391784;1,01586094;1,02250016;1,02939612;1,03504629;1,01663668;1,03572446;1,01575648;1,03199161;1,02030572;1,01366973;1,03523127;1,00894706;1,03567361;1,06916781;1,01346689;0,99302989;1,00615797
2021-08-16;0,99450200;1,00844228;1,02397943;0,97918225;1,03011184;0,98983784;1,04438571;1,01846545;1,05215392;1,02906644;1,01164591;1,00134149;1,01778238;1,03391257;1,02248634;0,98870204;1,01754377;1,00355370;1,00476318;1,01122082
2021-08-23;1,01542339;0,98247556;0,98034691;0,97849598;0,97676461;0,99280892;0,96640373;0,97904663;0,97460737;0,99452969;0,98669730;0,98260519;0,96624587;0,96673658;0,99086264;0,99136035;0,98275870;0,98799092;0,96444599;0,98251497
2021-08-30;1,00620892;1,00102229;1,01254348;1,01249015;1,00242968;1,00872547;1,01946820;1,02007108;1,00778931;1,01487068;1,02644544;0,98603153;1,01382180;1,03203503;1,01281631;1,00281105;1,00328929;0,99953260;0,99831838;1,02977425
2021-09-06;0,98324871;0,98751589;0,98252398;1,01079425;0,99415125;0,97889938;0,99113368;0,96021291;0,99360338;1,00180664;0,95200816;0,96539717;0,98207092;0,99113094;0,96790130;0,98374015;1,01748647;0,96881807;0,96592395;0,98404778
2021-09-13;0,99457655;0,96684415;0,94675204;0,93173157;0,95886158;0,97831032;0,99346303;0,94305458;0,99284696;0,99899822;0,97452885;0,98989664;0,98336037;0,96126223;0,95886488;0,96152740;1,05692793;1,00428423;0,99020785;0,98197068
2021-09-20;1,00517853;0,99964129;0,97562442;1,04011469;1,00620608;0,99904179;0,99688309;0,99936585;0,90823125;0,98756521;1,00272269;0,99975703;1,00164405;0,98848590;0,98815017;0,99792527;1,01016277;0,98045555;0,98279616;0,99093427
2021-09-27;0,97814971;0,96458040;0,99183396;0,97992910;0,96929488;0,98082211;0,95605359;0,98996020;0,98532467;0,97055251;0,97339118;0,99975687;1,00656422;0,98153675;0,98470416;0,98010097;0,96680086;0,99604588;0,99407272;0,98381418
2021-10-04;1,00829723;1,01898037;1,02703378;1,02570279;1,00567137;1,02611729;1,05034538;1,04362197;1,03844248;1,01171760;1,01032087;0,98711390;0,97554424;1,01262435;1,01605131;1,00181828;1,11446401;0,99057233;0,92318388;1,01430625
2021-10-11;1,01835785;1,01266117;0,99892327;1,04737670;1,00550218;1,01361080;1,00367519;1,01170806;0,99089052;1,03019656;1,01104351;1,04532008;1,03460471;1,01820209;0,97095292;1,03348575;1,04575169;1,03706810;1,02162782;1,01727782
2021-10-18;1,01656042;1,02524678;1,02503286;0,99214944;1,05731898;1,02175364;1,05405406;1,00104127;1,02308055;1,03011455;1,03085765;0,97997182;0,99724455;1,03367247;0,99842558;1,01392577;1,06249993;1,02785378;0,98500439;1,00970528
2021-10-25;1,01349490;0,98839116;0,98983434;0,98116063;0,98240363;0,99093200;1,04102560;0,98150315;0,98480069;1,03664018;1,02066223;0,97523453;0,99399703;1,01077921;0,99632027;0,99561676;0,97479006;0,99937332;0,96253745;0,98867145
2021-11-01;1,02025564;1,01435506;1,00389553;1,02419368;1,00790228;1,03726792;1,01779778;0,99422841;1,01193937;1,01786036;1,01401481;1,01873768;1,00747708;1,00234378;1,03306360;1,01555596;1,00430996;1,00611287;1,00108543;0,99722225
2021-11-08;0,99727487;0,98888892;0,96448742;0,99737516;0,97661018;0,98644698;1,00296630;0,97085646;0,97458051;1,00480235;1,00822677;0,96708623;0,98052127;1,00911968;0,98195430;0,99537605;1,05236074;0,96853099;1,02385389;0,99582192
2021-11-15;1,00363313;1,00981669;1,02612078;0,99812016;0,99264136;1,01140591;1,01027392;1,02330695;1,05312864;0,99242657;0,98794840;0,98973957;1,06137618;1,02317241;0,94989629;1,01945389;1,00978800;1,01447631;1,01301061;0,99300698
2021-11-22;0,97817131;0,98981029;0,99004554;0,99425903;0,99299085;1,01822009;1,00061624;1,01025520;0,97300621;0,99664257;0,98390859;0,98002531;0,98480648;0,97486133;1,01423605;0,98433506;0,98869143;1,00903781;0,98730763;0,99225348
2021-11-29;0,98824976;1,00615310;0,99745629;1,02744937;0,99144847;1,02364322;1,02571610;1,00684612;1,00164897;0,98708565;1,02453217;1,01882059;0,99943927;1,02706346;1,00233933;1,03993075;0,96486934;0,99701429;1,01394426;1,01703319
2021-12-06;1,03845164;1,02599080;1,02003857;1,03413742;1,04930833;1,02582901;1,00675591;1,03024611;1,04018975;1,02218470;1,02008232;1,03473803;1,02151729;1,02555941;1,01400364;0,99972173;1,04572388;1,00551613;1,00166243;1,00244235
2021-12-13;0,98088607;0,99686566;1,03036077;0,96806585;1,00882055;1,01464695;0,99463157;1,01729658;1,01964451;0,99276551;1,01161058;0,99284136;1,00540332;1,00731065;0,97822214;1,02588347;0,97327932;1,01253661;1,02293314;1,04373907
2021-12-20;1,02296640;1,00705969;0,99976893;1,02001494;1,00926510;0,99940347;1,01454270;1,00713025;1,00520428;1,01812419;1,01122732;1,00223762;0,99426148;0,99736065;1,01560846;1,00949542;0,99833609;1,00764559;1,01637154;0,99526397
2021-12-27;1,00872705;1,02286793;1,02831744;1,01417133;1,01577490;1,01850311;1,00857114;1,01721851;1,02325395;1,06001106;1,02615348;1,02952128;1,03811276;1,02932765;1,03009544;1,03144301;1,01166675;1,03329230;1,02437941;1,02175377
2022-01-03;0,98169059;0,99134930;1,02056848;0,99104261;1,02100267;1,00410237;0,96222244;0,98549131;0,99538380;0,98060950;0,99567197;1,02987954;1,00282396;0,92555668;1,00297411;0,97785326;1,00576602;1,00404597;1,00297515;1,00632087
2022-01-10;0,99711141;0,99829998;1,00198259;0,99819255;0,98703398;0,97490353;0,98076930;0,97457046;0,99054681;0,99293768;1,00386380;0,98455780;0,97139839;0,96285184;1,01168660;1,02364414;1,06551998;0,97388054;1,02076268;0,99074377
2022-01-17;0,94330231;0,99579993;0,98889841;0,99022084;1,00176881;0,98970331;0,98792155;0,99690991;0,98514445;1,00942381;0,99422688;1,00095055;0,99084997;0,99278842;0,98982772;0,98184192;0,94004620;1,00291184;0,97813779;0,98965625
2022-01-24;1,00790885;0,99920212;1,00177842;1,01901995;1,00189122;1,02383189;0,98475695;1,00114804;1,01590189;1,00986444;1,01016168;0,99335218;0,99113076;0,87772398;1,02159912;1,01420537;1,03761238;1,00901598;1,00212162;1,00067424
2022-01-31;1,01574853;0,99121527;0,98934854;1,00107661;1,00906095;1,01725175;0,98613364;1,00607733;0,99766112;1,06427779;0,99065899;1,00358523;0,99077502;1,04841373;0,99045176;0,99762160;0,95193053;1,00923819;0,99280097;0,99090283
2022-02-07;0,98212183;0,98664804;0,98295401;0,98243096;0,98628092;0,97874341;0,98512093;0,95874176;0,95419298;0,96806077;1,01411964;0,98332940;0,99094654;0,98618608;0,99225328;0,97298000;0,93211927;0,98964577;0,99228419;0,97449852
2022-02-14;0,98479365;0,98775070;0,98639657;0,97116790;1,00088535;1,00415377;0,99485472;0,98454613;0,99769982;0,98813188;0,98604427;0,98401551;0,97275031;0,98919424;1,02984047;0,97331897;1,01332168;0,98074312;0,99956496;0,91067691
2022-02-21;1,00843737;1,01606246;1,04375190;1,03548279;1,00682224;1,02547751;1,04020690;0,98780465;1,00917611;1,02330032;1,00927292;1,01378261;1,01614640;1,04059334;1,01549846;1,04000006;0,99561776;1,00293743;1,04454451;1,01264386
2022-02-28;0,98763994;1,04056713;1,07679421;1,05880225;1,03777142;1,04584588;1,05196456;1,05048281;1,06308031;1,04808350;1,03675054;1,02973430;1,06011300;1,03952826;1,02521587;1,07073659;0,98591556;1,04208421;1,03417144;1,00075664
2022-03-07;0,97155943;0,97732365;0,99179925;0,98137281;1,00303836;0,99399187;0,98780324;0,98301180;0,96890591;0,98532058;1,02541966;0,98977399;0,99349871;0,99413040;0,97443379;0,97186626;0,96249999;0,97218944;0,99073179;0,99319480
2022-03-14;1,06191336;1,01077251;0,98461376;1,02108964;0,98796484;0,99283640;0,99783914;0,99546612;1,00643665;0,99129041;0,98112340;0,99423378;1,00199939;1,03871385;0,95217528;0,99276332;1,07421141;1,02473197;0,98928957;1,02300899
2022-03-21;1,01811585;1,03335242;1,02944604;1,04681579;1,03322241;1,04487037;1,06403699;1,03871517;1,04915499;1,05225421;1,03940663;1,00169159;1,03292530;1,01906042;1,04035723;1,03879172;1,03454240;1,02260486;1,04125030;1,03449579
2022-03-28;1,00079036;1,04417310;1,04822387;1,02433423;1,02810554;1,03700893;1,03270830;1,03669497;1,04580671;1,04724248;1,03902757;1,04656204;1,03222698;1,02108633;1,03523624;1,03458649;1,02420694;1,04025752;1,04395864;1,05183023
2022-04-04;0,98764530;1,02405278;1,01457983;1,04301758;1,02374580;1,01872867;1,02308026;1,02994204;1,02689643;1,05182547;1,01888824;1,00276623;0,99897922;1,00443381;0,99721806;1,00339154;1,04645487;1,01449491;0,99394863;1,00310145
2022-04-11;0,97889609;0,99155273;0,99077592;0,99722997;0,98891195;1,00122545;0,99847102;1,00075653;1,00713610;0,97805687;0,99852566;1,00873560;0,97138714;0,96190019;0,98194946;1,01499515;0,95794385;1,00984884;0,98351101;1,00309163
2022-04-18;0,97261908;1,00654522;0,98245775;0,98240740;0,97128114;0,98429068;0,99693775;0,99352059;0,99307562;0,99224966;0,97067477;0,99020065;0,97860963;0,89300798;1,02874343;0,99927924;0,98617884;1,01483509;0,99716252;1,02362996
2022-04-25;0,96742210;0,95891833;0,98862838;0,96167133;0,96171530;0,96113575;0,96048595;0,95000009;0,96359649;0,96156223;0,94131721;0,94614492;0,94221981;0,96037870;0,92089014;0,92980764;1,04286883;0,94288015;0,92084866;0,94713972
2022-05-02;0,99819693;0,99730879;1,00544830;1,00392023;1,02915238;1,01337084;1,02195056;1,03432456;1,00353376;1,00598554;0,98545373;1,01532473;1,02053624;1,02041667;1,03545602;1,01680432;0,99288540;0,99669822;1,05302396;1,03249745
2022-05-09;0,97645431;1,00496486;1,00040154;1,00976263;0,99512011;1,01510961;0,93115230;0,98827452;0,99090845;0,99298760;1,00499624;1,00790613;1,00868296;0,96315710;1,00988056;0,99872883;0,93312107;0,98775781;0,98812725;0,98426251
2022-05-16;0,97000429;0,99495237;1,00799034;0,98549785;0,98720267;1,00429757;1,00595787;1,01152938;0,99837855;1,01620054;0,99670673;0,99809839;0,99060466;1,02034406;1,02277342;1,01502011;1,00170658;0,98498099;1,02826328;1,01494622
2022-05-23;1,06622476;1,04220643;1,03881654;1,06594648;1,03174211;1,05858556;1,06393325;1,03978798;1,03504862;1,05726412;1,02501741;1,04964303;1,03286709;1,08719478;1,03447140;1,04038149;1,05195907;1,02205778;1,04527951;1,03972609
2022-05-30;0,98847585;0,96644214;0,98435824;0,97686604;0,97123043;0,97345389;0,99600328;0,98928185;0,99108031;0,97753274;0,96431066;0,98329888;0,97672519;1,02206107;0,96364791;0,98842821;1,00404853;0,99217823;0,98437500;0,98254289
2022-06-06;0,94964457;0,95638190;0,96380585;0,95105784;0,96660614;0,97181064;0,95987410;0,95373787;0,96608316;0,94418217;0,96943616;0,98953013;0,98752671;0,96467155;0,98974192;0,95634135;0,88548382;0,95576646;0,95147784;0,94971475
2022-06-13;0,94254282;0,91784875;0,89975598;0,90969457;0,92560833;0,91308477;0,87966545;0,88583428;0,88380934;0,88915448;0,88448284;0,90312713;0,92506356;0,93281535;0,91240400;0,89288452;0,89071046;0,91075276;0,89407281;0,89516424
2022-06-20;1,06460698;1,08010813;1,05870375;1,05291969;1,06443257;1,06963626;1,06568242;1,06886370;1,07895759;1,05817659;1,03842955;1,05545443;1,06144276;1,10182179;1,07557493;1,07426466;1,04805731;1,05662606;1,08844037;1,07723998
2022-06-27;0,97822285;1,04868613;1,04647404;1,05719233;1,03967259;1,04637874;1,01528897;1,04559122;1,04296707;1,06421794;1,05470638;1,03626041;1,04579086;1,03255568;1,04185326;1,06461025;0,99902438;1,03455451;1,04083613;1,02511053
2022-07-04;1,01975886;0,95183858;0,96314436;0,96295091;0,97710481;0,94580442;0,99088976;0,95605269;0,95481351;0,96136317;0,94406299;0,95429659;0,96364955;0,99615182;0,93965935;0,94905109;1,00292961;0,96582665;0,94898274;0,97910696
2022-07-11;0,99089530;1,00000000;1,00932818;1,00817144;0,99773263;1,01554862;0,98543298;1,00408057;1,00027228;0,99864528;1,00915688;0,99600910;1,00342916;0,98080996;1,00791689;1,04401584;1,00486849;0,96942035;0,99816537;1,01287686
2022-07-18;1,02565024;0,99635340;0,99086303;1,00303961;0,97664091;0,98972143;0,99626370;1,00478125;0,99318939;0,99525230;1,02268505;0,99549208;1,00617055;1,01956551;0,95130044;0,98242032;1,03003889;0,99256817;0,99293174;0,99273526
2022-07-25;1,04283271;1,06508028;1,04462148;1,06700347;1,05985811;1,07388589;1,10500579;1,04948841;1,05266512;1,05611071;1,07254682;1,06415096;1,05406168;1,05283481;1,01743117;1,06535250;1,02163685;1,09267861;1,04598524;1,06403206
2022-08-01;1,00385090;0,98045535;1,00913130;0,99305777;1,00719680;0,97904703;1,00723033;1,02448432;1,02267027;0,96300274;0,93357639;1,00520088;0,98003939;1,04130689;0,98286747;0,97979561;1,02578252;0,98583838;1,03852051;0,96526838
2022-08-08;1,03309641;1,03866402;1,04343450;1,03272940;1,00314908;1,01975497;1,03647824;1,03020573;1,02777297;1,03127103;1,07475095;1,01763885;1,04622294;1,02830188;1,02587166;1,04248452;1,08886908;1,04433113;1,02519239;1,07908777
2022-08-15;0,98836783;1,02657366;1,01912031;1,00461548;1,03368332;1,01452947;1,01116613;1,00558474;1,01384203;1,00679655;1,01077706;0,98798230;1,01353498;0,99159940;1,00679663;1,01954237;1,00000000;1,02647552;1,00827721;1,01716763
2022-08-22;0,95978575;0,97370313;0,97026874;0,97779593;0,97033398;0,98769070;0,96826924;0,97831885;0,97796944;0,96900741;0,97383043;0,94647967;0,96644104;0,98160737;0,98507717;0,97007948;1,02885413;0,96095099;0,97383284;0,96689388
2022-08-29;0,96768752;0,98037777;0,99283061;1,00094507;0,98495417;0,99949261;0,98108865;0,97762019;0,97688502;0,98590906;0,99303324;0,97234676;0,97927327;0,96649998;0,96176732;0,97975927;1,00560901;0,95981409;0,98656474;0,97146684
2022-09-05;1,03676394;1,02883873;1,03580953;1,03366877;1,02462045;1,02406590;1,01677456;1,02322733;1,03200829;1,03992758;1,04009031;1,02459652;1,01759191;1,06140272;1,03506500;1,02926669;1,02709167;1,06233419;1,02857135;1,03144436
2022-09-12;0,95269447;0,96554868;0,95845661;0,97534268;0,97186203;0,96588982;0,97713448;0,96911506;0,96231446;0,94262659;0,99253172;0,95673921;0,97929052;0,94315901;0,97210127;0,97753904;1,01474006;0,98378407;0,95573751;0,97626763
2022-09-19;0,95365291;0,97111079;0,97389422;0,98501867;0,96201405;0,98008423;0,96060449;0,97804038;0,96681687;0,96435984;0,97208751;0,98013584;0,99678200;0,97322812;0,99365511;0,97580064;0,96406717;0,94846269;0,96794777;0,97337501
2022-09-26;0,97116698;0,90424346;0,88448942;0,89290231;0,88887462;0,89829273;0,87234037;0,90419577;0,90178345;0,89896812;0,92384519;0,92426667;0,91329204;0,95019390;0,93510439;0,91332657;0,99127693;0,89339077;0,90514945;0,90053270
2022-10-03;1,01555934;0,95543148;0,95997672;0,95138411;0,93170296;0,95125918;1,04819958;0,95241164;1,00596211;0,98665231;0,97567562;0,97403348;0,97293203;0,97857430;1,01075485;0,94459675;1,19439999;0,98381631;0,94527979;0,97356996
2022-10-10;0,98465963;0,99077435;1,00638633;0,96531131;0,99875758;1,00404513;0,93859794;0,97723900;0,98794829;0,98998927;1,00193914;1,01392190;0,98390946;0,93535760;1,01365192;0,99168836;0,92632277;0,97270424;1,01328313;0,99270672
2022-10-17;1,04751548;1,01744296;1,02526329;1,04366310;1,01897068;1,03613706;1,01108479;1,00041304;1,02279768;1,00355286;1,00663543;1,04966384;1,02679898;0,99832808;1,03347201;1,03584151;1,04844534;1,00910623;1,03867932;1,04857157
2022-10-24;1,03965977;1,06122683;1,04402678;1,06664191;1,05920940;1,04218221;1,08249471;1,05758409;1,05318215;1,05555552;1,04586623;1,05399400;1,07110554;1,10300045;1,02395554;1,05547614;1,05172425;1,05764283;1,06419449;1,03191899
2022-10-31;0,96692434;0,98421004;1,00190155;0,98854566;0,96715170;1,01797632;0,98007633;1,00534058;1,02775458;0,95923641;0,99527326;1,00052800;0,99577895;0,99708972;0,98334274;1,01706851;1,00393433;1,00800955;1,01786205;1,01848355
2022-11-07;1,05931494;1,02826101;1,00457759;1,02282301;0,91851637;0,98978247;1,01423004;1,01179063;0,99918726;1,05190982;1,01191147;1,04196364;0,99090658;1,05723364;1,01161015;1,02290900;0,96407582;1,00690967;1,04371363;1,01518512
2022-11-14;0,99385458;1,03432542;1,02397009;1,01853755;0,95945503;1,04948376;1,03090030;1,01997682;1,02186754;0,98644838;1,01369847;1,00253297;1,03379702;0,99867966;1,04477898;1,02187484;1,01761524;0,98970670;1,02917343;1,02480842
2022-11-21;1,01555106;1,03051757;1,04590270;1,05267953;1,04006075;1,05174744;1,04066755;1,03502832;1,01635113;1,04767537;1,03586276;1,03158165;1,03221831;1,02572101;1,04502055;1,01885828;1,02330211;1,02652119;1,03756953;1,04058381
2022-11-28;1,01193219;0,99132983;0,99633415;0,98807993;0,98277277;0,99846140;1,01774866;1,01540524;1,01898899;1,03443980;1,04164593;1,02127681;0,99715404;1,00342985;1,00224024;0,99149551;1,01886794;1,02870642;1,02117647;0,99828958
2022-12-05;0,96652471;1,00647447;1,01534896;0,99282677;0,97443536;0,99157705;1,00642503;1,00406172;1,00828226;0,99927611;0,99903663;0,99128962;0,99309535;0,99190142;0,99226287;1,00782076;0,99233711;0,98112286;0,99206353;0,99211788
2022-12-12;0,97953248;0,99680932;0,97918824;0,98555016;1,00583393;0,98591103;0,98951207;0,98488985;0,97929317;1,01231299;0,98674044;0,98169395;0,97997576;0,99562172;0,98267196;0,98873574;1,03474904;1,00014142;1,00516128;1,01409103
2022-12-19;0,99831234;1,02051744;1,01184307;1,02265918;1,03701806;1,00714501;1,00122881;1,02513481;0,99108785;1,02647254;1,02614221;1,03630030;1,02052777;1,00035653;1,04261382;1,01316453;0,99875627;1,03106012;1,00038521;1,01407479
2022-12-26;0,99889581;0,99318667;0,99226653;0,97719103;1,00871860;0,99436611;0,97606640;0,99536957;0,99180109;1,00441451;0,99857146;1,00407862;0,99972206;0,99322825;1,01453249;0,98825612;1,01245345;1,00311064;0,97574726;0,98916712
2023-01-02;1,01474566;0,99325232;1,01664054;1,00000000;1,00896925;1,02644008;1,06315168;1,02337817;0,95715563;1,01017829;1,01025275;1,01887702;1,01084830;1,00059800;0,99848327;0,99013884;0,97724467;1,02235996;0,99237242;1,02532516
2023-01-09;1,02707802;1,02072011;0,98249250;1,04401471;1,01697095;0,98630261;1,01988924;0,97925397;0,98959876;0,99335943;1,00849662;0,99530957;0,98559910;1,01231300;0,98902950;1,03094125;1,00000000;1,00031938;0,99880748;1,02169572
2023-01-16;0,99352718;0,96150859;0,97184727;0,96167362;0,99205351;0,97201820;0,97844586;0,94905981;1,00825836;0,97602559;0,98759658;0,96583419;0,96323871;0,96622592;0,94982951;0,96044070;0,98489611;0,96441117;0,99986725;0,95785692
2023-01-23;1,02478220;1,00576848;1,00976450;0,98771176;1,00048071;1,01194149;1,03012150;1,01504876;1,01182045;0,98464816;0,97701405;1,01585745;1,01642511;0,92373507;1,01922379;1,02267997;1,02619809;1,00330956;0,98288241;1,01057298
2023-01-30;1,01641620;0,97843552;0,98968525;0,98184248;0,96477181;0,97913818;0,97279593;0,99271069;0,99420485;0,98105033;0,95852542;1,04130644;1,00826984;0,98795983;1,01586452;0,98903896;0,96824415;1,00362847;1,02443602;0,96726282
2023-02-06;0,98934297;1,00234448;0,98306374;1,00376717;0,98821577;0,99386629;1,00209347;0,99651525;0,97881205;0,99535483;1,00961564;0,97809043;0,98021514;1,00093727;0,98056577;0,99175267;0,99935678;0,99671328;0,98795700;1,00000000
2023-02-13;0,99802214;1,02058465;1,03000005;0,99658831;0,98589185;1,00963621;1,00865545;1,00249762;1,04499611;1,05747973;1,03856962;0,99740630;1,02354198;1,01779509;1,03486124;0,99818060;1,00193064;1,02605131;1,01363207;1,00523390
2023-02-20;0,97341323;0,96688087;0,97857368;0,98447801;0,97103922;0,98727678;1,01538688;0,96399642;0,98062688;0,95981411;0,97002202;0,95744681;0,98693790;0,95859059;0,98717497;0,96407199;1,01348751;0,98264475;0,97709737;0,96112447
2023-02-27;1,01957500;0,99241414;0,98518202;0,99439958;0,98140337;0,99375427;0,98062075;0,97492932;0,97912579;1,01014357;0,99899471;0,99674701;0,98954653;1,01247961;0,99948040;0,96678383;1,03612163;0,98724457;1,04142804;0,98916574
2023-03-06;0,95488460;0,96799229;0,98248958;0,97008106;0,96294874;0,99922792;0,98410132;0,97479669;0,95764745;0,97100033;0,95799831;0,93278357;0,98546232;0,99528102;0,96776415;0,96089360;0,96819573;0,93357641;0,96846381;0,95837911
2023-03-13;1,01472798;1,04898206;1,03621608;1,05406386;1,04115760;1,05528592;1,02310112;1,04157523;1,03925658;1,04878076;1,04436834;1,00642913;1,05055070;1,03643351;1,01092412;1,03720954;1,01705628;1,04862810;1,04904744;1,03126196
2023-03-20;1,01412978;0,99600523;0,98224928;0,97555939;0,97166095;0,99414419;1,00914996;0,99762885;0,99158458;0,95491232;0,98466578;0,98402985;0,98914068;1,00026441;0,98859089;0,99971928;0,97142855;1,00427123;0,99459028;0,99813638
2023-03-27;1,03503601;1,02796314;1,02132654;1,03952004;1,03863994;1,00631116;1,03231916;1,03340828;1,03905882;1,04100384;1,02272147;1,03868008;1,02526968;1,01836404;1,04875864;1,05578958;1,03388740;1,06243623;1,02615926;1,03771478
2023-04-03;0,99938237;1,04259738;1,04286210;1,04446715;1,03845478;1,03449369;1,03889194;1,03271150;1,02997948;1,02793021;1,04093859;1,01927077;1,02427755;1,02452025;1,05547859;1,02203943;1,03339500;1,01377097;1,01325089;1,02734794
2023-04-10;1,00815067;0,99322752;0,97481289;0,98797537;0,99776095;0,97686165;0,98690733;0,97079890;0,96999195;0,97840234;0,97937651;0,98799180;0,99441252;0,98797020;0,95939094;0,99629714;1,01077207;1,00300116;0,97745668;1,00070058
2023-04-17;0,99914762;1,00558900;1,01535123;1,00427630;0,99620230;1,02441039;1,01843343;1,00484344;1,00929017;1,02587241;0,99436834;1,01939486;1,00888155;1,01243251;1,01160606;0,99156575;1,00000000;1,00929124;1,02688577;1,00420026
2023-04-24;1,00888045;0,98899512;0,98402919;0,99803456;0,99012279;0,99424473;1,00918669;0,98439875;0,99024300;0,98195256;0,98005416;0,99467279;0,99820337;0,97012279;0,98903326;0,99787353;1,01302578;0,98611345;0,97356971;1,00104549
2023-05-01;0,99221701;1,01685963;0,99664566;1,00164118;0,98862457;1,01035826;0,99945680;0,99780987;0,99795511;1,00966072;0,99748748;0,99438928;0,99865012;0,98538423;1,01859442;1,00559420;1,00935121;1,00981003;1,03237207;1,00104454
2023-05-08;0,99760910;0,96960344;0,99511456;0,98460009;0,97698697;1,00030154;1,00163126;0,99535116;1,00808561;0,97432877;1,00401271;0,95178240;0,99097013;1,03244635;0,99413826;1,00052950;1,01042244;0,99984338;1,00861181;0,98956531
2023-05-15;1,01706107;0,95896018;0,95294364;0,95141432;0,94437410;0,95649123;0,92616718;0,94927333;0,93849167;0,96313270;0,95691837;0,96874162;0,97225027;0,95536154;0,97809963;0,95631473;0,95186267;0,96505248;0,95928730;0,95114245
2023-05-22;1,00346886;0,96017577;0,95020805;0,99780673;0,95663861;0,98181217;0,96175258;0,94735402;0,96270504;0,98796067;0,97219292;1,01159183;0,97362478;0,99248127;0,96658630;0,96788475;0,99458154;0,96735950;0,99071222;0,96119723
2023-05-29;1,01881452;1,00495240;1,01458956;1,00917439;1,00000000;0,98996665;1,01599877;1,01921672;1,02727276;1,00761619;1,02696822;1,02166074;1,01731815;1,00546458;1,02690659;1,02059508;1,00786931;1,02467677;1,00729146;1,01960779
2023-06-05;1,00406562;1,02698059;1,00275615;1,01223767;1,07911803;1,01885334;1,01559680;1,00514202;1,02011273;1,00982622;1,02413796;1,02881208;1,00494530;1,00297902;1,02585462;1,01597517;1,01381368;1,01687427;1,04433842;1,01131219
2023-06-12;1,02624008;1,00863707;1,01493802;1,00794469;1,00452056;0,99443801;1,03632616;1,02430001;1,00561899;1,02819343;1,01191398;0,99365929;1,00085155;1,02052132;0,99340338;1,01517262;1,03080557;1,01681287;1,03044905;1,01536414
2023-06-19;0,98627391;0,96865213;0,98304467;0,97566821;0,97168577;0,97601381;0,96551729;0,96739749;0,95216158;0,96748388;0,98515474;0,96011692;0,96747368;0,98121450;0,96616229;0,96956518;0,97068966;0,98337058;0,97069067;0,97739899
2023-06-26;1,02364641;1,01039200;1,00850422;1,02388480;0,99942107;0,99625295;1,02494098;1,01706578;1,00247093;1,02182086;1,01013243;1,00249249;1,00273667;1,00040436;1,01122388;1,00644610;1,02309064;1,01804883;1,00804363;1,00303261
2023-07-03;0,98885209;1,00722446;1,00106871;1,01132071;1,00868880;1,01803105;0,99150468;0,99873102;1,00092435;1,00540000;0,99717099;1,00110490;1,00886929;0,97102438;0,99400989;0,99053184;1,00694438;0,99888198;1,00564684;0,99055177
2023-07-10;1,02439314;1,03902278;1,03476110;1,02170987;1,00765700;1,01140935;1,03437230;1,02809537;1,02483072;1,02587879;1,02527700;1,04690942;1,00038619;1,01596077;1,00762140;1,03373476;1,02413822;1,02078660;1,01562510;1,02098436
2023-07-17;1,00697764;1,03299390;1,00814024;1,02622837;1,02165647;1,04351086;1,02738763;1,02046154;1,04114927;1,01261299;1,00855362;1,03584608;1,02375691;1,03688531;1,00949853;1,01760645;1,00785596;1,02020685;1,02668273;1,04222723
2023-07-24;1,01033200;0,97213723;0,97145447;0,97379478;0,99479374;0,98465980;1,00773480;0,97025961;0,99307645;0,98002363;0,98129207;0,98905860;0,96651244;0,95981557;0,99006800;0,97215459;0,98329652;0,97005979;0,98103485;0,98458223
2023-07-31;0,97744214;0,94838647;0,95106532;0,96445178;0,91981314;0,93381425;0,94901306;0,93259368;0,94548277;0,95731397;0,92272478;0,95420633;0,96242445;0,94948530;0,95564951;0,96440484;0,96715729;0,95916446;0,93770875;0,94974505
2023-08-07;0,99726688;0,99398022;0,99840002;0,99724433;1,00772213;1,01701947;1,01863087;0,99702577;0,98637830;1,01477977;1,02647275;0,87355083;0,99936280;0,99638571;0,99263347;0,99682839;1,01990624;1,00445545;0,99525677;1,00383449
2023-08-14;0,97949173;0,99579782;0,98434127;0,97374786;0,97660809;0,98337540;0,97887422;0,96166440;1,00350136;0,98765719;0,98101431;0,42500000;0,96564070;0,98418469;0,94916521;0,98698276;0,95981634;0,99917857;1,01098200;0,96638646
2023-08-21;1,00843987;0,99851064;1,00392317;1,00784258;1,00185827;1,01545381;1,01289103;1,01085783;0,99183932;1,01627960;1,00276480;0,71929767;1,01408450;1,00191633;1,00156370;1,00322391;0,99880382;1,00493261;1,01162948;0,99881429
2023-08-28;1,02548522;0,97513964;0,97718406;0,97980156;0,98680960;0,98297725;0,97826425;0,96746971;0,99514753;0,99230787;0,98400869;1,55797106;1,00480358;0,98396140;0,98282585;0,98685365;0,98562875;0,98985585;0,95970174;0,97981797
2023-09-04;0,98736897;1,01223721;1,00283780;1,02314643;0,99758931;1,01018665;1,02031849;0,98461557;1,00985808;1,01475357;0,99803895;0,83455151;0,99023070;1,00632559;0,99781572;1,02486698;1,03037677;1,00479353;1,00855617;0,99959597
2023-09-11;0,99876008;1,01712622;1,02958570;1,02792524;1,02865035;1,02509812;1,02521470;1,03431044;1,03285405;1,02636765;1,03621517;1,04458594;1,03442482;1,02708348;1,03402996;1,03321759;1,02063671;1,01901682;1,02610270;1,04706670
2023-09-18;0,97085744;1,00102247;0,98913046;0,97317723;0,98514537;0,99278617;0,95122995;0,97461452;0,98119912;0,96542610;0,97670039;0,95960368;0,98325905;0,98630562;0,98422108;0,98071016;0,99017913;0,98647111;0,98969726;0,97934542
2023-09-25;0,99285328;0,93292617;0,95010759;0,94876336;0,93549734;0,94164905;0,92977813;0,93911387;0,95805264;0,93981604;0,94812737;0,97776015;0,96636044;0,84623340;0,95168310;0,95011410;0,94107354;0,94035026;0,94692198;0,93752483
2023-10-02;1,00519968;0,98890801;0,95971823;1,00074493;0,93351266;1,00958731;0,99177447;0,95975921;0,99448649;1,00767416;1,00204806;0,96344429;1,01890020;0,87694183;1,01851850;0,97929775;0,96156227;1,00720436;0,98208455;0,99490687
2023-10-09;1,00465523;1,05337826;1,03158304;1,02605123;1,00431641;1,01933971;1,05849180;0,98602382;1,01695867;1,04910702;1,03941604;1,03709954;1,01498641;1,08459392;0,98896824;1,05890379;1,04964538;1,06071173;1,04602010;1,01919758
2023-10-16;0,97619963;0,97921759;0,98496046;0,98440331;0,95558748;0,98909369;0,95463540;0,97219716;0,99497581;0,98372972;0,99101102;1,00406506;0,98079513;0,95356934;0,97273305;0,98241517;0,98402943;0,97532899;0,98071095;0,99455849
2023-10-23;0,97478023;0,98755399;1,02154062;0,98341945;1,00149924;1,00470936;0,98772117;0,99364488;0,98173604;0,97786254;0,99574866;1,04048583;0,98947252;1,08237121;0,98853259;1,00835301;0,98689147;1,01365955;0,99380296;1,02188558
2023-10-30;1,05881416;1,04152306;1,06392626;1,02622693;1,08807381;1,02972442;1,03406524;1,04270125;1,07441460;1,05542542;1,04810709;1,07782101;1,07181617;1,05583220;1,11493014;1,04289952;1,06831108;1,05789366;1,00203323;1,04489297
2023-11-06;1,01350582;0,97146856;0,97466128;0,99014246;1,03095610;0,99200611;0,99484775;0,97059341;0,98400894;0,97214001;0,95871790;0,83826710;0,94358409;0,92859537;0,93699421;0,96368793;0,99348722;0,96886304;0,96460968;0,99881741
2023-11-13;1,02310178;1,01114461;1,00735354;1,02507380;1,04003562;1,02249609;1,03468305;1,08754658;1,02587746;0,98782665;1,06511844;1,19810510;1,03449374;1,04044244;1,05428763;1,02384457;1,06793829;1,03473464;1,02143068;1,02959751
2023-11-20;1,01024198;1,00064826;1,01434286;1,01199074;1,00427704;1,00483181;0,99878650;1,01281826;1,03215100;1,01558437;1,01237200;0,90797989;0,99784551;1,00313762;0,99726908;1,00086291;1,00558029;1,02101953;1,01792420;1,00843227
2023-11-27;1,00832499;1,02332539;1,02560513;1,03079146;0,99382476;1,00791551;1,02475340;1,02564972;1,00919888;0,99489701;0,99256114;1,02216942;1,01254363;1,03651589;1,00567192;1,01953424;0,96836836;0,97434327;1,02484290;1,00646147
2023-12-04;1,00237579;0,98796996;0,98919375;0,99930521;1,03232712;0,99858219;0,99955536;0,98140841;0,99980411;1,00564239;0,99250550;1,02401243;1,01198205;1,00895724;1,00875143;0,99182874;1,00916934;0,98659735;1,00293033;0,98413891
2023-12-11;1,02529543;0,91937976;1,03252152;1,00312832;1,02084647;0,98143081;1,03854697;1,03637870;0,98892262;0,90512621;0,99730308;1,07488652;0,97672086;1,03015079;0,97994998;1,00909084;1,00851762;0,99249107;0,97901721;1,04172888
2023-12-18;1,00772407;1,01290199;0,97750219;0,98336794;0,96534643;0,99810802;0,99186285;0,99864042;0,99345755;0,99351930;0,97971866;0,98170301;1,00184924;0,97154473;1,01905350;0,98648644;0,99211706;0,98553779;0,96486709;0,99702593
2023-12-25;1,00344527;1,00374654;1,01045032;1,00669489;1,00427359;1,01438448;1,02892940;1,01047800;1,00967867;1,01815089;1,01186849;1,01720428;1,00820342;1,01656900;0,99433373;0,99686090;1,02326929;1,00824408;1,00998157;1,01043984
2024-01-01;0,98498425;1,02363832;1,03508977;1,02345118;1,04340411;1,02803110;1,02623865;1,00567084;1,02717665;1,01142051;1,04009842;1,04792109;1,00610253;1,02206111;0,99764192;1,01660453;0,99278878;1,00948494;1,03466035;1,02398545
2024-01-08;1,01873629;0,97083043;0,96931145;0,97708617;0,96513066;0,97968369;0,98332637;0,91638468;0,99220700;0,99339050;1,00629440;0,90585073;0,96785282;0,98324753;0,97872760;0,97878375;0,97875899;0,97715860;0,95856322;0,97585586
2024-01-15;1,01187751;0,96369462;0,95349112;0,97199867;0,95753209;0,98079006;0,95697863;0,93899446;0,96072928;0,97144440;0,96455532;0,94432071;0,96615834;0,93807336;0,95411556;0,96506562;0,96516261;0,97065639;0,97726313;0,96048743
2024-01-22;1,01066044;1,00331987;1,00180185;0,99279774;1,00529591;1,00178041;0,98843154;1,03201628;1,00232134;0,99914379;0,98297782;1,08883649;1,00075678;1,02130638;1,00801513;0,99215669;1,00532560;0,98497014;1,02498941;0,99538648
2024-01-29;1,01406079;0,99856139;1,01014885;1,01378332;1,00175594;1,01199748;0,99066686;1,00145142;1,01288866;0,98114810;1,01126995;0,96678700;0,99567900;0,99435713;1,00418501;1,01246579;0,97998832;1,00919025;0,96258911;1,00617979
2024-02-05;1,01399059;0,98977092;0,97494622;0,98497316;0,97940408;0,97760696;0,96754871;0,99601458;0,97375492;0,98515272;1,01413416;0,97759521;0,98029714;0,97300091;0,98562184;0,98078085;0,97597596;1,00378010;0,98759645;0,99309031
2024-02-12;0,99651479;1,01179037;1,07339396;1,01271331;1,02595066;0,98046277;1,02488419;1,07075292;1,03429490;1,03161955;1,01361808;1,00076396;0,99006265;1,00795335;1,03234686;1,01041027;1,01107689;1,02345087;1,01373114;1,02976425
2024-02-19;1,01678423;1,03006758;1,01352194;1,00842606;1,04361097;1,01641696;1,02940746;1,00000000;1,02346481;1,03494713;1,00026759;0,96641217;1,01218003;0,99561613;1,00552934;1,01454559;1,03651859;1,01605618;1,03798596;1,00600604
2024-02-26;1,00991129;0,99608933;1,03080650;0,98316025;0,93585460;0,98953709;0,97494873;0,99218621;0,98019509;0,98228606;0,97593566;0,94391785;0,96991657;0,97234954;0,97922619;0,98088399;0,97475037;1,02452676;0,96524821;0,97537296
2024-03-04;0,99773395;1,02369611;0,98646896;1,03243441;1,08668123;1,03574320;1,04087130;1,02859095;1,02866536;1,05258027;1,04356177;0,98912133;1,02642144;1,05667710;1,02994981;1,03075527;0,99759041;1,03245512;1,05363699;1,03978595
2024-03-11;0,99906707;0,98041375;0,97936562;0,98376287;0,99666671;0,98690630;0,99321510;0,99284591;0,98655039;0,98701302;0,99632450;0,94416245;1,01622839;1,03926661;0,98243153;0,99025117;0,98128022;1,00179320;0,98995803;0,98964176
2024-03-18;1,02310246;1,01059039;1,01023013;0,99856465;1,01003358;0,99617709;1,01104641;0,98251864;1,01186739;1,00603069;1,00685127;0,98924732;0,99030825;1,02829553;1,02305415;1,00566817;1,00984621;1,01959863;1,02859969;1,01651643
2024-03-25;1,00400440;1,03180792;1,03797466;1,02371546;1,01800490;1,02494352;1,01682026;1,03247530;1,02432870;1,02370565;1,01073002;1,02083338;1,03302912;1,03447716;1,03684854;1,01750234;1,02132838;1,02691072;1,02355840;1,01661763
2024-04-01;0,99068753;0,98309897;0,97502912;0,98455586;0,98739572;0,98722630;1,01285114;0,97891929;0,98627963;0,99387808;0,98420494;0,96805674;0,98256018;1,00422467;0,97938351;0,98279872;1,00359967;0,99610653;0,97363873;0,98873952
2024-04-08;0,98476619;0,98693438;0,97796291;0,97896619;1,00700029;0,98862238;0,96907646;1,00478543;0,98733559;0,97696849;0,98421490;0,97891847;0,98849588;0,98286082;0,98035283;0,98863749;0,98750749;0,99022845;0,99285295;0,97832464
2024-04-15;0,96963747;1,02954307;1,02557865;1,03896573;1,01901444;1,03542822;1,01894212;1,01530883;1,03750837;1,02933101;1,02031515;1,02153554;1,04078894;1,01934038;1,02515338;1,03432589;1,01506029;0,99802647;1,02990037;1,01464520
2024-04-22;1,02678414;0,99702231;1,01258901;1,01121635;1,01223918;1,01264034;1,00300310;0,99614668;0,99747133;0,99387493;0,99895215;0,90559122;1,00745498;1,02628298;0,98843017;0,99324516;1,01068244;1,03163986;0,99045706;1,00000000
2024-04-29;1,00561742;1,00583744;1,03917432;1,02079722;1,01883053;1,02830057;1,03136569;1,00925003;1,01483568;1,00241158;1,02911099;1,05668011;1,01691328;1,06288837;1,03289610;1,04021289;1,03170871;1,03877915;1,02849752;1,03960027
2024-05-06;1,01894421;1,00418405;1,03397278;1,00848895;1,03249026;1,02239439;1,03525041;1,03182803;1,04727087;1,00694988;1,01783882;0,95689657;1,02566404;1,05203887;1,01152791;1,03411031;1,01479799;1,05053216;1,03124633;1,03737986
2024-05-13;1,01603657;1,00456976;1,02149485;1,01279461;1,00810256;0,99385873;1,01882761;0,98449601;1,00928670;1,03441233;1,01348073;1,15115118;1,00674776;1,03116925;1,01525987;1,01594272;1,04318565;1,00716145;1,01553622;1,01544273
2024-05-20;1,00045723;0,95450912;0,96007338;0,98770622;0,98672883;0,98084035;0,97732635;0,95494524;0,96558428;0,95101092;0,97327668;0,92434784;0,97095573;1,00683409;0,97070011;0,96455641;0,99247315;1,00670763;0,97934708;0,96924630
2024-05-27;0,99507778;1,02845537;1,01438683;1,03388681;1,02140569;1,00127096;1,03057524;1,02954975;1,03069463;1,02343965;1,03310236;1,03386638;0,99853574;1,04451128;1,01842408;1,01823268;1,00433378;1,00959485;1,02655565;1,02266391
2024-06-03;1,01355321;0,96865199;0,97839340;0,98885611;0,96606810;0,96890521;0,96265455;0,98902603;0,96426345;0,96324895;0,96423245;0,93539581;0,96082539;0,94213936;0,97267133;0,97548225;0,97357037;0,96198511;0,95980218;0,96863281
2024-06-10;1,01620355;0,98663288;0,99660244;1,02253894;0,98036566;0,99192235;0,98959178;1,00734024;0,98663222;0,98258234;0,99871205;0,95136187;0,99585738;0,97537157;0,98159879;0,99519908;1,01108050;1,00480578;1,01056925;0,98838444
2024-06-17;1,00629353;1,01133490;0,98920460;1,00486237;0,97580805;0,99416736;0,97855479;0,96898827;0,98869364;0,97861561;0,98710340;0,96830271;1,01193208;0,99657818;1,00307219;1,00255382;0,96767118;1,00509370;0,97542170;1,00485170
2024-06-24;0,99944351;1,01224181;1,00792648;0,99935471;0,99573263;0,98981628;1,00237305;0,99178040;1,01124678;0,99511220;1,00000000;0,95248154;1,00768076;0,97253110;1,01954406;1,01047268;0,98867502;1,00945068;1,02372343;0,98891281
2024-07-01;1,01976876;0,99071863;1,00136773;0,98418335;1,00224470;0,99832250;1,00821603;1,00987474;0,98476631;0,99133211;1,00810037;0,89578709;0,99012343;1,01807656;0,97823477;0,99495794;0,98739186;1,00502032;0,99306107;0,99132013
2024-07-08;1,00886556;1,04868696;1,03528339;0,99376838;1,05823669;1,03270979;1,03370178;1,05360579;1,03606332;1,02710570;1,02436496;1,29084163;1,02819023;1,05423776;1,04878544;1,03350236;1,05165434;1,02983680;1,05800919;1,03757750
2024-07-15;0,98052438;1,01272350;1,02396659;0,95610575;0,98922450;1,02006729;1,01224171;1,01259534;1,01199952;1,02525532;1,00177112;1,67881109;0,99483281;0,94736845;1,02277145;1,02100455;0,99337725;0,97850029;1,02392517;1,00632909
2024-07-22;0,99179375;1,04303659;1,03553794;1,01346213;1,02509244;1,02552106;1,04763794;1,05564638;1,02851210;1,01716039;1,03409946;0,96173615;1,03349605;1,03138891;1,01370126;1,03482729;1,00166678;1,01835482;1,03091147;1,02865134
2024-07-29;0,97952996;1,05753456;1,05536533;0,92200267;1,06413673;1,05588950;1,04789188;1,04046511;1,06309951;1,05496595;1,04250138;0,95368167;1,06799985;1,06652296;1,01201440;1,03782920;1,02107593;1,03710041;1,04155365;1,04076089
2024-08-05;0,99976953;0,97310055;0,95814914;0,97783532;0,97129097;0,99204566;0,99647510;0,96721815;0,97293047;0,96672667;0,98336462;0,96513079;0,97618374;0,97803025;0,96772382;0,98843659;0,98859323;1,01306597;0,98485097;0,99608361
2024-08-12;1,03994262;1,02228871;1,00295309;0,97431055;1,02827238;0,99089284;1,01744335;1,00308109;1,00059573;1,00346853;1,02462947;0,86258064;1,01180313;1,01433008;1,01974329;0,99898253;1,01153838;1,00926606;1,00523260;1,02129738
2024-08-19;1,01468368;0,99939112;1,01351330;1,04611813;1,00821290;1,01327295;1,01618515;1,02564886;1,02001183;1,01507766;1,01456444;0,87060587;0,99970592;1,01387306;1,01578941;1,00712827;1,02118409;1,00545917;1,00705586;1,01989091
2024-08-26;1,00274558;1,00560635;1,02066163;1,01979828;0,98990609;1,00954264;1,02678136;1,01123087;1,01590901;1,00793864;1,01690199;0,92182124;0,99911782;1,01067036;1,00647667;1,00000000;1,04787247;0,99642158;1,00528384;1,00377478
2024-09-02;0,95780612;1,00787789;1,01765071;0,99926733;1,03395301;1,01693585;0,99563371;0,99807492;1,01002569;1,00288774;1,00614764;1,01211558;1,01363939;0,99985118;0,99669058;1,00101119;1,01928919;0,98996906;1,00331347;1,00501413
2024-09-09;1,04057061;1,00998047;1,02077403;1,02382694;1,01838555;1,01239343;0,98580496;1,00845688;1,04257581;1,05314148;1,00633614;1,06998161;1,00203309;1,05838951;1,03191296;1,03459596;0,98456190;1,05278958;1,03291220;1,01216081
2024-09-16;1,01391344;1,02751509;0,98060861;1,00859292;0,99604547;0,98842767;1,00011710;0,98778885;1,01699582;1,00099414;0,98943120;0,94406199;0,98753733;0,97767273;1,02144602;0,99365391;1,01568017;1,03868963;0,99536939;1,00801696
2024-09-23;1,00636019;1,01016124;0,99696522;1,03301387;0,98670805;1,00677326;1,01615350;1,00565984;1,01454535;1,00273162;1,00113650;0,90701910;1,00978281;1,02150805;1,01416678;1,00319336;0,98705176;1,01717372;0,97773562;1,01293917
2024-09-30;1,00263904;1,01445244;0,98468186;1,04879728;1,01871932;0,99135018;0,99274278;0,97872857;1,01044783;0,99579005;0,98660590;0,98090456;0,98401466;0,99183788;0,97380828;0,99461321;0,99445004;1,04283286;0,99671487;0,98996332
2024-10-07;1,01132997;0,98529737;0,97975663;0,96887285;0,96548176;0,99195356;0,97017878;0,97613947;0,98596213;0,98831139;0,98274282;0,99692616;0,99527413;0,97626743;0,98816562;0,98079739;0,99644389;0,95251561;0,97635835;0,97419365
2024-10-14;1,00870263;1,02764619;1,02483482;1,01826168;1,06581286;1,04339318;1,03110006;1,03619553;1,03551754;1,03044794;1,02224302;1,03905448;1,03640321;1,03078419;1,02467801;1,04369893;1,03820693;1,02395610;1,02351556;1,02995896
2024-10-21;0,99042390;0,98829359;0,97517130;0,97343076;0,99432588;0,97976770;0,98220779;0,99561475;1,00073918;0,97851032;0,99427393;0,96439172;0,98930997;0,96503922;0,96475999;0,98347511;0,99901866;0,99855173;1,00318475;0,99295777
2024-10-28;0,98647992;0,97813205;0,99042678;0,97509388;0,99009730;0,95602297;0,96686902;0,96704135;1,06950805;0,95208380;0,96129932;1,04820516;1,02122531;0,94989536;0,96897947;0,97998510;0,98428283;0,97411579;0,97312931;0,97317303
2024-11-04;1,04687529;1,05018643;0,99125954;1,06333100;0,97965758;0,98129989;1,02428206;0,96434740;1,02893849;0,99895166;0,99544681;1,04109590;1,07538959;0,99508723;1,02708847;1,08169439;1,02794425;0,98293437;1,06967238;1,04752853
2024-11-11;0,97951419;1,01142028;1,00880561;1,01546569;0,99723132;0,98277814;1,00697960;1,00732897;1,00093971;1,03658109;1,00959726;0,96616536;1,03786419;0,99194504;1,01789003;0,99743586;1,02135909;1,03693777;1,01130815;1,01935872
2024-11-18;1,01721340;1,02839276;1,01329053;1,03467270;1,00884956;1,02870743;1,03346073;1,02473737;1,02122154;0,98977241;1,00674542;1,03210116;1,01467709;0,99541584;1,02826602;1,02383741;1,01568461;1,03831897;1,01142793;1,02225517
2024-11-25;1,01079559;1,00618272;1,02326063;1,02845087;1,01049193;1,02267166;1,01468551;1,01751326;1,03382761;1,02195817;1,01818593;0,97926491;0,99629974;1,04206894;0,97339204;1,00342392;1,01216644;1,02056279;1,00828574;1,01393315
2024-12-02;1,00993187;0,97245472;0,95984370;0,97057010;0,96483832;0,94263847;0,95669510;0,92696550;0,97048096;0,95677434;0,96286734;1,02598648;0,97172278;0,95640006;0,96723400;0,96223836;0,93989829;0,95440082;0,97748119;0,96192376
2024-12-09;0,99386605;0,97875598;0,96724058;1,00884402;0,96413920;0,97753640;0,97546151;0,99565076;0,97967806;0,97410855;0,98291424;0,95684803;0,98210552;0,97846899;0,95320969;0,99408993;0,97147071;0,96455552;0,95589046;0,96101213
2024-12-16;0,98034887;1,00123031;1,00043151;1,01878526;0,99296833;0,97130211;0,97105891;0,95682123;1,01198814;1,00406828;0,98808046;0,96862748;0,96214400;0,97351255;1,04597126;0,97526742;1,00354438;0,98657520;0,97041698;1,01221348
2024-12-23;1,00697079;1,00929556;0,99741231;0,98985856;1,00503155;0,99477959;1,00339517;1,01894859;1,00838534;1,01107505;0,99698435;1,00607282;1,00864136;1,00613920;1,00760468;1,00707146;1,01614519;0,99847169;0,99988220;1,00277524
2024-12-30;0,99545948;0,98590775;0,99502755;0,98230370;1,01483405;0,99642704;1,00012547;0,99982556;1,01214363;1,01656426;1,00630186;0,93863182;0,99289098;0,99833592;1,00264139;1,00702180;1,01290967;1,01554233;0,99175997;0,99231242
2025-01-06;0,98087740;0,99088343;1,01586084;0,98546145;0,97551620;0,98778564;0,81453635;0,97068566;0,99361003;0,98028913;0,96993994;0,87674173;0,97769413;0,93596327;0,96179896;0,95599909;0,84271325;0,97657969;0,97044495;0,98326614
2025-01-13;1,02925287;1,06962731;1,03999588;1,04425922;1,03539988;1,06239381;0,97490646;1,04026606;1,07612517;1,05683628;1,03021679;1,11735941;1,03577128;1,05016342;1,06437097;1,08162274;0,99068138;1,04642048;1,05968696;1,04790415
2025-01-20;1,01759521;0,99946927;1,00956296;0,99385752;0,96743843;0,96743197;0,93891542;0,97321575;1,00646426;0,99898545;0,98295318;0,97811808;0,98848804;1,02925375;0,99503680;1,01479919;0,97236929;0,99897890;0,98961238;0,98887238
2025-01-27;0,99014214;1,00084977;1,00183324;1,00648942;1,03945403;1,03465761;0,91727535;1,02414787;0,98254975;1,01574414;1,01504718;1,02237145;1,00816138;0,98256201;0,99593577;0,97754633;0,94619095;0,94877906;1,01422884;1,02189755
2025-02-03;0,99773648;1,03067949;1,02023180;0,99478055;0,98273073;1,02496272;0,92759259;1,03016639;1,01628034;1,03274995;1,00904540;1,02188182;1,00609420;0,95402471;0,98441849;1,01112954;0,97891372;1,00119704;1,00011519;1,01607148
2025-02-10;1,01523711;1,01009366;1,01474843;1,03117272;1,01757274;0,98792669;0,99940115;1,03567828;1,00109212;1,03727899;1,00667721;1,08779440;1,00026492;0,99692385;0,97908421;1,01943788;0,99804185;1,00071739;1,03700394;0,98799071
2025-02-17;0,98373519;1,00479253;1,04404690;1,02633945;1,03309948;1,03518769;1,04214928;1,02973667;1,03908510;1,01260221;1,05725003;1,05905516;1,04026234;1,05171924;1,03772121;1,03836445;1,04578164;1,00310639;1,02599138;1,02935086
2025-02-24;0,99045477;1,03064745;1,00683564;1,00913710;0,98589581;1,04243024;1,04351149;0,99431907;1,02608998;1,01866788;0,91676521;1,01765795;1,03248691;0,98030164;1,03727752;1,02389377;1,02188863;0,96653158;1,01048258;1,01411280
2025-03-03;0,96936077;0,97075616;0,98651581;0,99650956;0,98694667;1,02088262;1,03600302;0,96778298;0,93150851;0,98441432;0,99458342;1,04657536;0,95996951;1,04646017;1,00375467;0,94879001;0,97735612;0,97461500;0,99405670;0,96762272
2025-03-10;0,97774101;1,00537587;1,00898476;1,03561000;0,99022084;1,02672719;1,01063839;1,01889988;1,04500170;1,02505216;1,03293558;0,98080277;1,02447206;1,00988605;0,99928751;1,02619000;1,05072019;1,03085095;1,01869757;1,02406804
2025-03-17;1,00534139;1,00507135;0,99573713;1,00817374;0,99762254;1,01306253;1,02052634;0,99250686;0,98693966;0,99117463;0,99322115;0,97419929;0,98516716;0,96369804;0,99790150;0,99778060;1,00595943;1,02595726;1,00053365;1,00432157
2025-03-24;0,98479803;1,00798697;1,01760054;1,01341899;1,00806598;1,00899817;1,00017191;1,00311834;1,00631873;1,02077613;1,01263906;1,01552512;1,00612764;0,99393343;1,02675348;1,01178833;1,00710906;0,98373100;1,00437280;1,02733028
2025-03-31;0,90949536;0,96078233;0,97681375;0,99531026;0,95890171;1,00505659;0,94104496;0,95451574;0,93626342;1,01431449;0,98277576;0,89658277;0,99530194;0,94975180;0,99172535;0,95977135;0,96705885;0,95222347;0,96729318;0,96499590
2025-04-07;1,05725732;1,01816474;1,00143570;1,01385839;1,00018960;1,00475662;1,02465752;0,96537538;1,03403764;1,01433309;1,03124212;0,96990971;1,02604883;0,98355978;0,99875722;1,01053602;1,03071271;1,05673478;1,00900222;1,00812543
2025-04-14;0,98509714;1,01148362;1,02943713;1,01585547;1,00815308;1,02057543;1,03870334;1,01988631;1,01896721;1,02739121;1,03497527;1,08066181;1,01627201;1,00759763;1,04461446;1,03216491;1,01832151;1,01485277;1,02763566;1,02820957
2025-04-21;1,04604633;0,99624946;0,99099431;1,02771802;0,99586249;0,98528092;1,00993199;1,00731195;1,01609224;0,97799410;1,00761540;0,96267948;0,97627633;0,99668224;0,99166233;0,99445680;0,99477645;0,97204899;0,99258858;1,00587894
2025-04-28;1,02937227;1,01221000;1,00890020;1,02094804;1,03871579;0,99619747;0,94685993;1,01676465;0,99834548;1,00562520;1,01771384;1,01491050;1,00927355;1,01513101;0,99862735;1,00579716;0,98774798;0,98087129;1,00608013;1,00667976
2025-05-05;0,99554166;0,97909120;0,97204928;0,96281093;1,00163637;0,97864218;1,02387030;1,07088225;0,98876611;0,97267641;0,98653968;1,02742407;0,97813508;1,04799519;0,96494850;0,98381738;1,01181340;0,99320583;0,97126788;0,98175263
2025-05-12;1,05332963;1,00636554;0,99311357;0,99946709;1,01234334;0,96851779;1,04342411;1,00317455;1,00265323;0,97522676;1,01445627;1,01239277;1,01210211;1,06670449;0,99875346;0,99954924;1,04319905;1,00443380;1,01101271;0,98169527
2025-05-19;0,97416379;0,98245256;0,99844704;1,00739297;1,00932404;1,00668561;0,96605824;1,01659140;0,99615101;0,99931553;0,98664487;0,99905836;1,00051933;0,90346670;0,98021036;0,99729493;0,95411299;0,99583785;0,98920858;0,99454967
2025-05-26;1,01896651;1,00602279;1,00592934;0,99121661;1,00675069;1,00374640;0,98252123;1,02127320;1,00555417;1,00343492;0,99596293;1,00659761;1,02924628;1,04250300;1,00636597;1,00519886;0,99002938;1,02621597;1,00528930;1,00230751
2025-06-02;1,01537878;0,99132948;0,98357326;0,98308250;0,99602533;0,97243763;0,96603771;1,01049223;0,98643143;0,97261523;0,96924177;0,97940072;0,96796984;1,02151759;0,94758728;0,98470888;0,92654035;0,98975683;0,97654263;0,97956833
2025-06-09;0,99641128;0,99645982;1,01090481;0,99344436;0,99533797;1,02312755;0,89880951;0,99572456;0,99902608;1,01478176;0,99237394;1,00286804;0,98966472;1,04469354;0,98455073;1,01187480;0,87212278;1,00997506;1,00987783;0,99559342
2025-06-16;0,99875628;0,99682393;0,98882409;0,98267813;0,97676097;0,97123895;1,02752490;0,95874864;0,98659692;0,98497116;0,98934054;0,98951386;0,99578766;0,95653909;0,99756955;0,99210105;1,01686209;1,02160540;0,98443922;1,00454409
2025-06-23;1,03452641;1,00654765;1,00697785;1,01762720;1,03043153;0,97207096;1,02658603;1,01343575;1,01864883;1,00727694;0,99974945;1,02601151;1,00898919;0,99105275;1,00000000;1,00181991;1,00865175;1,01729591;0,99977415;0,99378152
2025-06-30;1,01751185;1,00744938;1,01366394;0,98817711;1,01771974;1,02200701;1,03099861;1,01878156;0,99321044;1,00512717;0,99949877;1,03098591;1,01310144;1,04217797;1,03185849;1,00999087;0,99428162;0,97186296;1,02111807;1,00744927
2025-07-07;0,99705546;1,00187458;1,01424988;1,00556477;1,00932109;1,00279137;0,97164618;1,01797055;0,99792482;1,00881033;1,01278835;0,96265939;1,01370815;1,00703861;0,99980937;0,99550350;0,96650077;1,01700139;1,00685696;1,01360543
2025-07-14;1,00608704;1,02598752;1,01955579;1,03043749;1,01219730;1,00487137;1,01760051;0,99543453;1,05688085;0,99747199;1,00965586;1,01608326;1,02211263;1,02083309;0,99675939;1,01548329;1,00223541;1,02132038;1,01614666;1,04989796
2025-07-21;1,01470699;1,01418446;1,02225325;1,03007500;1,01136168;1,01167389;1,03539302;1,01849879;1,02037038;1,01359449;1,02844535;1,01024214;1,02554499;0,94601722;1,00631094;1,00718458;1,04684016;1,03878543;0,98270456;1,01639797
2025-07-28;0,97655102;1,02007991;1,03452043;1,01173109;1,02825537;1,02131816;1,00339942;0,98393872;1,01712781;1,01545796;1,02980443;0,98894002;1,00884382;0,97981906;1,01729371;1,01047712;1,00284099;1,01587126;0,99747016;0,97511615
2025-08-04;1,02443963;0,99294881;0,99049132;1,00051518;1,02317493;1,00038305;1,01204594;0,99221959;1,00892162;1,01455127;1,00162077;1,00559184;1,00193024;1,02855117;1,03362610;1,00088224;1,06232283;0,98550070;1,03158209;1,01934940
2025-08-11;1,00987340;0,99181378;1,00367397;0,98171515;0,98916037;0,96449072;1,03217399;1,00753375;0,98507796;0,98367158;1,01525469;1,05653380;1,01364030;1,04143071;1,00108450;0,99382866;1,00133340;0,97308404;0,98618002;1,00550210
2025-08-18;1,00301112;1,01382253;1,01812668;0,99816370;1,01243051;1,01707023;1,00180186;1,01526027;1,00901733;1,01750465;1,00736144;1,07017546;1,02096957;1,01206737;1,05578620;1,01020164;1,01131823;0,98101260;1,00010962;1,00957598
2025-08-25;0,99917088;0,97871511;0,97368878;0,99676012;0,96768978;0,96635516;1,00953240;0,96302417;0,98611892;0,97153024;0,99611765;1,06229510;0,97696218;0,94405139;0,98341306;0,98046112;1,00592498;0,98363201;0,97821567;0,98834696
2025-09-01;1,00373519;1,00851868;0,97378848;1,00185635;0,97145229;0,99816755;0,97006949;0,99157175;0,99614023;0,99427655;0,99679059;0,94984571;1,00207832;0,99164827;1,00765091;0,98858049;0,98756545;0,98530309;0,99597128;0,98601580
2025-09-08;1,01602365;1,00159002;1,01248730;1,01217582;1,04382483;0,99490059;1,03213956;1,03415712;1,02894598;0,99884885;1,00735966;0,98294070;1,00000000;1,01043727;0,98602236;1,00724795;1,02385684;1,01935409;0,99089891;1,00556177
2025-09-15;1,01245872;0,99056378;0,97807415;0,99424678;0,99666933;0,98749358;0,99003557;1,01978683;0,98205777;1,00069147;0,98652970;0,97603306;1,00271211;0,99218328;0,98144920;0,99235447;0,96504851;0,99463225;0,98106365;0,99460167
2025-09-22;0,99702441;1,02996072;1,01942837;1,02077858;1,00802019;1,03415338;0,98867720;1,04134341;1,04037441;1,01566458;1,05137704;0,94496185;1,03229917;1,06710741;1,04668317;1,03625645;1,00402416;1,00857854;1,00277392;1,02885954
2025-09-29;1,01112723;1,01606263;1,04507973;1,00128830;1,01989055;0,99186909;1,00509003;1,05137462;1,03403786;1,02835111;1,01100588;1,00000000;1,02026815;1,05550415;0,99500168;1,00415478;1,06212422;0,99635478;1,03941905;0,99945541
