data;embi_bps;embi_decimal
2008-01-02;227;0.0227
2008-01-03;226;0.0226
2008-01-04;231;0.0231
2008-01-07;229;0.0229
2008-01-08;225;0.0225
2008-01-09;238;0.0238
2008-01-10;226;0.0226
2008-01-11;231;0.0231
2008-01-14;231;0.0231
2008-01-15;238;0.0238
2008-01-16;236;0.0236
2008-01-17;248;0.0248
2008-01-18;252;0.0252
2008-01-21;252;0.0252
2008-01-22;269;0.0269
2008-01-23;275;0.0275
2008-01-24;252;0.0252
2008-01-25;258;0.0258
2008-01-27;258;0.0258
2008-01-28;259;0.0259
2008-01-29;253;0.0253
2008-01-30;244;0.0244
2008-01-31;255;0.0255
2008-02-01;259;0.0259
2008-02-04;253;0.0253
2008-02-05;265;0.0265
2008-02-06;265;0.0265
2008-02-07;257;0.0257
2008-02-08;273;0.0273
2008-02-11;273;0.0273
2008-02-12;263;0.0263
2008-02-13;258;0.0258
2008-02-14;252;0.0252
2008-02-15;261;0.0261
2008-02-18;261;0.0261
2008-02-19;261;0.0261
2008-02-20;252;0.0252
2008-02-21;255;0.0255
2008-02-22;248;0.0248
2008-02-25;239;0.0239
2008-02-26;238;0.0238
2008-02-27;240;0.024
2008-02-28;255;0.0255
2008-02-29;265;0.0265
2008-03-03;267;0.0267
2008-03-04;258;0.0258
2008-03-05;252;0.0252
2008-03-06;257;0.0257
2008-03-07;273;0.0273
2008-03-10;284;0.0284
2008-03-11;265;0.0265
2008-03-12;272;0.0272
2008-03-13;277;0.0277
2008-03-14;289;0.0289
2008-03-17;305;0.0305
2008-03-18;285;0.0285
2008-03-19;290;0.029
2008-03-20;291;0.0291
2008-03-24;273;0.0273
2008-03-25;275;0.0275
2008-03-26;277;0.0277
2008-03-27;273;0.0273
2008-03-28;278;0.0278
2008-03-31;284;0.0284
2008-04-01;273;0.0273
2008-04-02;268;0.0268
2008-04-03;263;0.0263
2008-04-04;265;0.0265
2008-04-07;258;0.0258
2008-04-08;256;0.0256
2008-04-09;264;0.0264
2008-04-10;256;0.0256
2008-04-11;256;0.0256
2008-04-14;252;0.0252
2008-04-15;245;0.0245
2008-04-16;228;0.0228
2008-04-17;230;0.023
2008-04-18;229;0.0229
2008-04-21;235;0.0235
2008-04-22;234;0.0234
2008-04-23;233;0.0233
2008-04-24;228;0.0228
2008-04-25;225;0.0225
2008-04-28;228;0.0228
2008-04-29;225;0.0225
2008-04-30;218;0.0218
2008-05-01;207;0.0207
2008-05-02;201;0.0201
2008-05-05;201;0.0201
2008-05-06;198;0.0198
2008-05-07;204;0.0204
2008-05-08;211;0.0211
2008-05-09;216;0.0216
2008-05-12;216;0.0216
2008-05-13;205;0.0205
2008-05-14;205;0.0205
2008-05-15;210;0.021
2008-05-16;205;0.0205
2008-05-19;206;0.0206
2008-05-20;210;0.021
2008-05-21;208;0.0208
2008-05-22;202;0.0202
2008-05-23;210;0.021
2008-05-26;210;0.021
2008-05-27;208;0.0208
2008-05-28;207;0.0207
2008-05-29;191;0.0191
2008-05-30;181;0.0181
2008-06-02;179;0.0179
2008-06-03;184;0.0184
2008-06-04;180;0.018
2008-06-05;179;0.0179
2008-06-06;190;0.019
2008-06-09;195;0.0195
2008-06-10;184;0.0184
2008-06-11;192;0.0192
2008-06-12;186;0.0186
2008-06-13;183;0.0183
2008-06-16;188;0.0188
2008-06-17;187;0.0187
2008-06-18;194;0.0194
2008-06-19;190;0.019
2008-06-20;197;0.0197
2008-06-23;199;0.0199
2008-06-24;206;0.0206
2008-06-25;209;0.0209
2008-06-26;221;0.0221
2008-06-27;229;0.0229
2008-06-30;228;0.0228
2008-07-01;232;0.0232
2008-07-02;235;0.0235
2008-07-03;235;0.0235
2008-07-04;235;0.0235
2008-07-07;238;0.0238
2008-07-08;244;0.0244
2008-07-09;247;0.0247
2008-07-10;249;0.0249
2008-07-11;241;0.0241
2008-07-14;249;0.0249
2008-07-15;248;0.0248
2008-07-16;239;0.0239
2008-07-17;228;0.0228
2008-07-18;226;0.0226
2008-07-21;226;0.0226
2008-07-22;223;0.0223
2008-07-23;217;0.0217
2008-07-24;225;0.0225
2008-07-25;217;0.0217
2008-07-28;222;0.0222
2008-07-29;220;0.022
2008-07-30;221;0.0221
2008-07-31;226;0.0226
2008-08-01;228;0.0228
2008-08-04;227;0.0227
2008-08-05;224;0.0224
2008-08-06;220;0.022
2008-08-07;229;0.0229
2008-08-08;230;0.023
2008-08-11;225;0.0225
2008-08-12;231;0.0231
2008-08-13;231;0.0231
2008-08-14;235;0.0235
2008-08-15;239;0.0239
2008-08-18;244;0.0244
2008-08-19;241;0.0241
2008-08-20;245;0.0245
2008-08-21;241;0.0241
2008-08-22;240;0.024
2008-08-25;247;0.0247
2008-08-26;247;0.0247
2008-08-27;248;0.0248
2008-08-28;244;0.0244
2008-08-29;240;0.024
2008-09-01;240;0.024
2008-09-02;246;0.0246
2008-09-03;252;0.0252
2008-09-04;259;0.0259
2008-09-05;262;0.0262
2008-09-08;254;0.0254
2008-09-09;268;0.0268
2008-09-10;268;0.0268
2008-09-11;272;0.0272
2008-09-12;268;0.0268
2008-09-15;310;0.031
2008-09-16;350;0.035
2008-09-17;373;0.0373
2008-09-18;339;0.0339
2008-09-19;285;0.0285
2008-09-22;278;0.0278
2008-09-23;289;0.0289
2008-09-24;296;0.0296
2008-09-25;285;0.0285
2008-09-26;296;0.0296
2008-09-29;337;0.0337
2008-09-30;331;0.0331
2008-10-01;337;0.0337
2008-10-02;356;0.0356
2008-10-03;349;0.0349
2008-10-06;409;0.0409
2008-10-07;404;0.0404
2008-10-08;438;0.0438
2008-10-09;440;0.044
2008-10-10;520;0.052
2008-10-14;437;0.0437
2008-10-15;467;0.0467
2008-10-16;493;0.0493
2008-10-17;482;0.0482
2008-10-20;489;0.0489
2008-10-21;530;0.053
2008-10-22;671;0.0671
2008-10-23;688;0.0688
2008-10-24;668;0.0668
2008-10-27;613;0.0613
2008-10-28;560;0.056
2008-10-29;515;0.0515
2008-10-30;488;0.0488
2008-10-31;449;0.0449
2008-11-03;439;0.0439
2008-11-04;418;0.0418
2008-11-05;443;0.0443
2008-11-06;451;0.0451
2008-11-07;440;0.044
2008-11-10;434;0.0434
2008-11-11;438;0.0438
2008-11-12;461;0.0461
2008-11-13;460;0.046
2008-11-14;460;0.046
2008-11-17;451;0.0451
2008-11-18;465;0.0465
2008-11-19;495;0.0495
2008-11-20;534;0.0534
2008-11-21;539;0.0539
2008-11-24;499;0.0499
2008-11-25;483;0.0483
2008-11-26;488;0.0488
2008-11-28;489;0.0489
2008-12-01;530;0.053
2008-12-02;526;0.0526
2008-12-03;524;0.0524
2008-12-04;530;0.053
2008-12-05;523;0.0523
2008-12-08;499;0.0499
2008-12-09;498;0.0498
2008-12-10;489;0.0489
2008-12-11;489;0.0489
2008-12-12;495;0.0495
2008-12-15;506;0.0506
2008-12-16;503;0.0503
2008-12-17;463;0.0463
2008-12-18;453;0.0453
2008-12-19;448;0.0448
2008-12-22;445;0.0445
2008-12-23;437;0.0437
2008-12-24;436;0.0436
2008-12-26;437;0.0437
2008-12-29;439;0.0439
2008-12-30;430;0.043
2008-12-31;428;0.0428
2009-01-02;405;0.0405
2009-01-05;393;0.0393
2009-01-06;388;0.0388
2009-01-07;402;0.0402
2009-01-08;426;0.0426
2009-01-09;423;0.0423
2009-01-12;445;0.0445
2009-01-13;446;0.0446
2009-01-14;459;0.0459
2009-01-15;465;0.0465
2009-01-16;450;0.045
2009-01-19;450;0.045
2009-01-20;460;0.046
2009-01-21;448;0.0448
2009-01-22;438;0.0438
2009-01-23;432;0.0432
2009-01-26;423;0.0423
2009-01-27;429;0.0429
2009-01-28;413;0.0413
2009-01-29;412;0.0412
2009-01-30;409;0.0409
2009-02-02;426;0.0426
2009-02-03;413;0.0413
2009-02-04;418;0.0418
2009-02-05;429;0.0429
2009-02-06;413;0.0413
2009-02-09;408;0.0408
2009-02-10;426;0.0426
2009-02-11;439;0.0439
2009-02-12;451;0.0451
2009-02-13;426;0.0426
2009-02-16;424;0.0424
2009-02-17;451;0.0451
2009-02-18;487;0.0487
2009-02-19;417;0.0417
2009-02-20;426;0.0426
2009-02-23;439;0.0439
2009-02-24;431;0.0431
2009-02-25;420;0.042
2009-02-26;419;0.0419
2009-02-27;421;0.0421
2009-03-02;442;0.0442
2009-03-03;441;0.0441
2009-03-04;434;0.0434
2009-03-05;458;0.0458
2009-03-06;457;0.0457
2009-03-09;453;0.0453
2009-03-10;442;0.0442
2009-03-11;446;0.0446
2009-03-12;446;0.0446
2009-03-13;442;0.0442
2009-03-16;431;0.0431
2009-03-17;428;0.0428
2009-03-18;438;0.0438
2009-03-19;423;0.0423
2009-03-20;426;0.0426
2009-03-23;419;0.0419
2009-03-24;421;0.0421
2009-03-25;417;0.0417
2009-03-26;411;0.0411
2009-03-27;414;0.0414
2009-03-30;427;0.0427
2009-03-31;425;0.0425
2009-04-01;427;0.0427
2009-04-02;412;0.0412
2009-04-03;384;0.0384
2009-04-06;378;0.0378
2009-04-07;383;0.0383
2009-04-08;376;0.0376
2009-04-09;368;0.0368
2009-04-13;368;0.0368
2009-04-14;380;0.038
2009-04-15;388;0.0388
2009-04-16;388;0.0388
2009-04-17;381;0.0381
2009-04-20;399;0.0399
2009-04-21;391;0.0391
2009-04-22;386;0.0386
2009-04-23;389;0.0389
2009-04-24;376;0.0376
2009-04-27;384;0.0384
2009-04-28;370;0.037
2009-04-29;359;0.0359
2009-04-30;355;0.0355
2009-05-01;351;0.0351
2009-05-04;331;0.0331
2009-05-05;330;0.033
2009-05-06;314;0.0314
2009-05-07;305;0.0305
2009-05-08;310;0.031
2009-05-11;324;0.0324
2009-05-12;326;0.0326
2009-05-13;337;0.0337
2009-05-14;333;0.0333
2009-05-15;330;0.033
2009-05-18;316;0.0316
2009-05-19;309;0.0309
2009-05-20;310;0.031
2009-05-21;306;0.0306
2009-05-22;300;0.03
2009-05-25;300;0.03
2009-05-26;291;0.0291
2009-05-27;278;0.0278
2009-05-28;282;0.0282
2009-05-29;294;0.0294
2009-06-01;266;0.0266
2009-06-02;280;0.028
2009-06-03;291;0.0291
2009-06-04;278;0.0278
2009-06-05;269;0.0269
2009-06-08;266;0.0266
2009-06-09;264;0.0264
2009-06-10;260;0.026
2009-06-11;260;0.026
2009-06-12;265;0.0265
2009-06-15;274;0.0274
2009-06-16;281;0.0281
2009-06-17;294;0.0294
2009-06-18;285;0.0285
2009-06-19;291;0.0291
2009-06-22;309;0.0309
2009-06-23;309;0.0309
2009-06-24;294;0.0294
2009-06-25;295;0.0295
2009-06-26;290;0.029
2009-06-29;279;0.0279
2009-06-30;284;0.0284
2009-07-01;277;0.0277
2009-07-02;288;0.0288
2009-07-03;288;0.0288
2009-07-06;286;0.0286
2009-07-07;286;0.0286
2009-07-08;306;0.0306
2009-07-09;290;0.029
2009-07-10;303;0.0303
2009-07-13;293;0.0293
2009-07-14;278;0.0278
2009-07-15;261;0.0261
2009-07-16;263;0.0263
2009-07-17;250;0.025
2009-07-20;257;0.0257
2009-07-21;269;0.0269
2009-07-22;263;0.0263
2009-07-23;244;0.0244
2009-07-24;249;0.0249
2009-07-27;244;0.0244
2009-07-28;248;0.0248
2009-07-29;253;0.0253
2009-07-30;254;0.0254
2009-07-31;265;0.0265
2009-08-03;243;0.0243
2009-08-04;238;0.0238
2009-08-05;230;0.023
2009-08-06;238;0.0238
2009-08-07;228;0.0228
2009-08-10;238;0.0238
2009-08-11;248;0.0248
2009-08-12;246;0.0246
2009-08-13;254;0.0254
2009-08-14;256;0.0256
2009-08-17;261;0.0261
2009-08-18;255;0.0255
2009-08-19;264;0.0264
2009-08-20;266;0.0266
2009-08-21;253;0.0253
2009-08-24;254;0.0254
2009-08-25;262;0.0262
2009-08-26;266;0.0266
2009-08-27;263;0.0263
2009-08-28;267;0.0267
2009-08-31;271;0.0271
2009-09-01;272;0.0272
2009-09-02;276;0.0276
2009-09-03;265;0.0265
2009-09-04;260;0.026
2009-09-07;260;0.026
2009-09-08;241;0.0241
2009-09-09;239;0.0239
2009-09-10;249;0.0249
2009-09-11;243;0.0243
2009-09-14;234;0.0234
2009-09-15;226;0.0226
2009-09-16;216;0.0216
2009-09-17;228;0.0228
2009-09-18;222;0.0222
2009-09-21;224;0.0224
2009-09-22;224;0.0224
2009-09-23;228;0.0228
2009-09-24;234;0.0234
2009-09-25;240;0.024
2009-09-28;240;0.024
2009-09-29;240;0.024
2009-09-30;234;0.0234
2009-10-01;251;0.0251
2009-10-02;249;0.0249
2009-10-05;238;0.0238
2009-10-06;233;0.0233
2009-10-07;238;0.0238
2009-10-08;220;0.022
2009-10-09;213;0.0213
2009-10-12;212;0.0212
2009-10-13;218;0.0218
2009-10-14;206;0.0206
2009-10-15;207;0.0207
2009-10-16;216;0.0216
2009-10-19;218;0.0218
2009-10-20;224;0.0224
2009-10-21;221;0.0221
2009-10-22;222;0.0222
2009-10-23;224;0.0224
2009-10-26;221;0.0221
2009-10-27;239;0.0239
2009-10-28;247;0.0247
2009-10-29;231;0.0231
2009-10-30;240;0.024
2009-11-02;238;0.0238
2009-11-03;236;0.0236
2009-11-04;225;0.0225
2009-11-05;228;0.0228
2009-11-06;228;0.0228
2009-11-09;217;0.0217
2009-11-10;212;0.0212
2009-11-11;209;0.0209
2009-11-12;216;0.0216
2009-11-13;219;0.0219
2009-11-16;220;0.022
2009-11-17;220;0.022
2009-11-18;216;0.0216
2009-11-19;219;0.0219
2009-11-20;217;0.0217
2009-11-23;213;0.0213
2009-11-24;216;0.0216
2009-11-25;216;0.0216
2009-11-26;216;0.0216
2009-11-27;227;0.0227
2009-11-30;231;0.0231
2009-12-01;219;0.0219
2009-12-02;218;0.0218
2009-12-03;212;0.0212
2009-12-04;206;0.0206
2009-12-07;207;0.0207
2009-12-08;213;0.0213
2009-12-09;209;0.0209
2009-12-10;204;0.0204
2009-12-11;201;0.0201
2009-12-14;199;0.0199
2009-12-15;196;0.0196
2009-12-16;201;0.0201
2009-12-17;217;0.0217
2009-12-18;213;0.0213
2009-12-21;204;0.0204
2009-12-22;206;0.0206
2009-12-23;207;0.0207
2009-12-24;201;0.0201
2009-12-28;194;0.0194
2009-12-29;197;0.0197
2009-12-30;197;0.0197
2009-12-31;192;0.0192
2010-01-04;191;0.0191
2010-01-05;197;0.0197
2010-01-06;191;0.0191
2010-01-07;193;0.0193
2010-01-08;195;0.0195
2010-01-11;190;0.019
2010-01-12;201;0.0201
2010-01-13;195;0.0195
2010-01-14;204;0.0204
2010-01-15;210;0.021
2010-01-19;207;0.0207
2010-01-20;214;0.0214
2010-01-21;223;0.0223
2010-01-22;223;0.0223
2010-01-25;217;0.0217
2010-01-26;219;0.0219
2010-01-27;224;0.0224
2010-01-28;228;0.0228
2010-01-29;234;0.0234
2010-02-01;230;0.023
2010-02-02;230;0.023
2010-02-03;225;0.0225
2010-02-04;240;0.024
2010-02-05;249;0.0249
2010-02-08;243;0.0243
2010-02-09;234;0.0234
2010-02-10;224;0.0224
2010-02-11;216;0.0216
2010-02-12;222;0.0222
2010-02-15;222;0.0222
2010-02-16;219;0.0219
2010-02-17;211;0.0211
2010-02-18;206;0.0206
2010-02-19;209;0.0209
2010-02-22;208;0.0208
2010-02-23;221;0.0221
2010-02-24;218;0.0218
2010-02-25;215;0.0215
2010-02-26;215;0.0215
2010-03-01;201;0.0201
2010-03-02;200;0.02
2010-03-03;203;0.0203
2010-03-04;198;0.0198
2010-03-05;189;0.0189
2010-03-08;183;0.0183
2010-03-09;183;0.0183
2010-03-10;185;0.0185
2010-03-11;186;0.0186
2010-03-12;189;0.0189
2010-03-15;189;0.0189
2010-03-16;191;0.0191
2010-03-17;192;0.0192
2010-03-18;193;0.0193
2010-03-19;194;0.0194
2010-03-22;197;0.0197
2010-03-23;192;0.0192
2010-03-24;182;0.0182
2010-03-25;181;0.0181
2010-03-26;184;0.0184
2010-03-29;182;0.0182
2010-03-30;182;0.0182
2010-03-31;185;0.0185
2010-04-01;184;0.0184
2010-04-05;172;0.0172
2010-04-06;173;0.0173
2010-04-07;182;0.0182
2010-04-08;175;0.0175
2010-04-09;176;0.0176
2010-04-12;180;0.018
2010-04-13;179;0.0179
2010-04-14;170;0.017
2010-04-15;167;0.0167
2010-04-16;177;0.0177
2010-04-19;175;0.0175
2010-04-20;175;0.0175
2010-04-21;179;0.0179
2010-04-22;180;0.018
2010-04-23;178;0.0178
2010-04-26;176;0.0176
2010-04-27;194;0.0194
2010-04-28;186;0.0186
2010-04-29;190;0.019
2010-04-30;196;0.0196
2010-05-03;190;0.019
2010-05-04;205;0.0205
2010-05-05;218;0.0218
2010-05-06;248;0.0248
2010-05-07;240;0.024
2010-05-10;214;0.0214
2010-05-11;210;0.021
2010-05-12;196;0.0196
2010-05-13;197;0.0197
2010-05-14;212;0.0212
2010-05-17;210;0.021
2010-05-18;225;0.0225
2010-05-19;230;0.023
2010-05-20;243;0.0243
2010-05-21;246;0.0246
2010-05-24;241;0.0241
2010-05-25;249;0.0249
2010-05-26;239;0.0239
2010-05-27;227;0.0227
2010-05-28;235;0.0235
2010-05-31;235;0.0235
2010-06-01;235;0.0235
2010-06-02;230;0.023
2010-06-03;223;0.0223
2010-06-04;245;0.0245
2010-06-07;244;0.0244
2010-06-08;251;0.0251
2010-06-09;247;0.0247
2010-06-10;234;0.0234
2010-06-11;242;0.0242
2010-06-14;234;0.0234
2010-06-15;223;0.0223
2010-06-16;224;0.0224
2010-06-17;229;0.0229
2010-06-18;223;0.0223
2010-06-21;222;0.0222
2010-06-22;233;0.0233
2010-06-23;238;0.0238
2010-06-24;236;0.0236
2010-06-25;237;0.0237
2010-06-28;238;0.0238
2010-06-29;248;0.0248
2010-06-30;248;0.0248
2010-07-01;250;0.025
2010-07-02;247;0.0247
2010-07-05;247;0.0247
2010-07-06;244;0.0244
2010-07-07;236;0.0236
2010-07-08;233;0.0233
2010-07-09;229;0.0229
2010-07-12;223;0.0223
2010-07-13;212;0.0212
2010-07-14;221;0.0221
2010-07-15;227;0.0227
2010-07-16;228;0.0228
2010-07-19;221;0.0221
2010-07-20;220;0.022
2010-07-21;226;0.0226
2010-07-22;218;0.0218
2010-07-23;210;0.021
2010-07-26;204;0.0204
2010-07-27;202;0.0202
2010-07-28;207;0.0207
2010-07-29;204;0.0204
2010-07-30;214;0.0214
2010-08-02;204;0.0204
2010-08-03;205;0.0205
2010-08-04;200;0.02
2010-08-05;205;0.0205
2010-08-06;208;0.0208
2010-08-09;194;0.0194
2010-08-10;195;0.0195
2010-08-11;195;0.0195
2010-08-12;195;0.0195
2010-08-13;200;0.02
2010-08-16;208;0.0208
2010-08-17;199;0.0199
2010-08-18;197;0.0197
2010-08-19;202;0.0202
2010-08-20;204;0.0204
2010-08-23;202;0.0202
2010-08-24;215;0.0215
2010-08-25;212;0.0212
2010-08-26;222;0.0222
2010-08-27;216;0.0216
2010-08-30;229;0.0229
2010-08-31;233;0.0233
2010-09-01;222;0.0222
2010-09-02;220;0.022
2010-09-03;213;0.0213
2010-09-06;213;0.0213
2010-09-07;226;0.0226
2010-09-08;224;0.0224
2010-09-09;216;0.0216
2010-09-10;212;0.0212
2010-09-13;213;0.0213
2010-09-14;215;0.0215
2010-09-15;206;0.0206
2010-09-16;195;0.0195
2010-09-17;199;0.0199
2010-09-20;201;0.0201
2010-09-21;213;0.0213
2010-09-22;213;0.0213
2010-09-23;214;0.0214
2010-09-24;205;0.0205
2010-09-27;209;0.0209
2010-09-28;215;0.0215
2010-09-29;207;0.0207
2010-09-30;206;0.0206
2010-10-01;203;0.0203
2010-10-04;206;0.0206
2010-10-05;204;0.0204
2010-10-06;202;0.0202
2010-10-07;201;0.0201
2010-10-08;197;0.0197
2010-10-11;197;0.0197
2010-10-12;185;0.0185
2010-10-13;180;0.018
2010-10-14;176;0.0176
2010-10-15;172;0.0172
2010-10-18;181;0.0181
2010-10-19;191;0.0191
2010-10-20;187;0.0187
2010-10-21;186;0.0186
2010-10-22;183;0.0183
2010-10-25;178;0.0178
2010-10-26;174;0.0174
2010-10-27;171;0.0171
2010-10-28;173;0.0173
2010-10-29;175;0.0175
2010-11-01;171;0.0171
2010-11-02;175;0.0175
2010-11-03;172;0.0172
2010-11-04;176;0.0176
2010-11-05;174;0.0174
2010-11-08;180;0.018
2010-11-09;174;0.0174
2010-11-10;175;0.0175
2010-11-11;175;0.0175
2010-11-12;176;0.0176
2010-11-15;171;0.0171
2010-11-16;187;0.0187
2010-11-17;175;0.0175
2010-11-18;175;0.0175
2010-11-19;177;0.0177
2010-11-22;183;0.0183
2010-11-23;189;0.0189
2010-11-24;177;0.0177
2010-11-25;177;0.0177
2010-11-26;177;0.0177
2010-11-29;192;0.0192
2010-11-30;198;0.0198
2010-12-01;183;0.0183
2010-12-02;178;0.0178
2010-12-03;171;0.0171
2010-12-06;176;0.0176
2010-12-07;162;0.0162
2010-12-08;168;0.0168
2010-12-09;168;0.0168
2010-12-10;167;0.0167
2010-12-13;172;0.0172
2010-12-14;166;0.0166
2010-12-15;175;0.0175
2010-12-16;184;0.0184
2010-12-17;199;0.0199
2010-12-20;183;0.0183
2010-12-21;186;0.0186
2010-12-22;181;0.0181
2010-12-23;179;0.0179
2010-12-24;179;0.0179
2010-12-27;178;0.0178
2010-12-28;178;0.0178
2010-12-29;184;0.0184
2010-12-30;180;0.018
2010-12-31;189;0.0189
2011-01-03;181;0.0181
2011-01-04;167;0.0167
2011-01-05;164;0.0164
2011-01-06;165;0.0165
2011-01-07;169;0.0169
2011-01-10;173;0.0173
2011-01-11;168;0.0168
2011-01-12;166;0.0166
2011-01-13;168;0.0168
2011-01-14;169;0.0169
2011-01-17;169;0.0169
2011-01-18;167;0.0167
2011-01-19;175;0.0175
2011-01-20;168;0.0168
2011-01-21;169;0.0169
2011-01-24;165;0.0165
2011-01-25;173;0.0173
2011-01-26;166;0.0166
2011-01-27;174;0.0174
2011-01-28;186;0.0186
2011-01-31;179;0.0179
2011-02-01;169;0.0169
2011-02-02;165;0.0165
2011-02-03;165;0.0165
2011-02-04;160;0.016
2011-02-07;163;0.0163
2011-02-08;162;0.0162
2011-02-09;173;0.0173
2011-02-10;171;0.0171
2011-02-11;176;0.0176
2011-02-14;181;0.0181
2011-02-15;180;0.018
2011-02-16;175;0.0175
2011-02-17;175;0.0175
2011-02-18;176;0.0176
2011-02-21;176;0.0176
2011-02-22;183;0.0183
2011-02-23;184;0.0184
2011-02-24;188;0.0188
2011-02-25;186;0.0186
2011-02-28;177;0.0177
2011-03-01;174;0.0174
2011-03-02;168;0.0168
2011-03-03;162;0.0162
2011-03-04;166;0.0166
2011-03-07;165;0.0165
2011-03-08;156;0.0156
2011-03-09;161;0.0161
2011-03-10;173;0.0173
2011-03-11;171;0.0171
2011-03-14;174;0.0174
2011-03-15;180;0.018
2011-03-16;191;0.0191
2011-03-17;187;0.0187
2011-03-18;184;0.0184
2011-03-21;177;0.0177
2011-03-22;178;0.0178
2011-03-23;176;0.0176
2011-03-24;173;0.0173
2011-03-25;171;0.0171
2011-03-28;170;0.017
2011-03-29;173;0.0173
2011-03-30;170;0.017
2011-03-31;173;0.0173
2011-04-01;171;0.0171
2011-04-04;169;0.0169
2011-04-05;168;0.0168
2011-04-06;163;0.0163
2011-04-07;164;0.0164
2011-04-08;164;0.0164
2011-04-11;164;0.0164
2011-04-12;170;0.017
2011-04-13;171;0.0171
2011-04-14;171;0.0171
2011-04-15;175;0.0175
2011-04-18;178;0.0178
2011-04-19;181;0.0181
2011-04-20;176;0.0176
2011-04-21;176;0.0176
2011-04-25;179;0.0179
2011-04-26;179;0.0179
2011-04-27;176;0.0176
2011-04-28;176;0.0176
2011-04-29;169;0.0169
2011-05-02;165;0.0165
2011-05-03;169;0.0169
2011-05-04;173;0.0173
2011-05-05;171;0.0171
2011-05-06;171;0.0171
2011-05-09;168;0.0168
2011-05-10;166;0.0166
2011-05-11;171;0.0171
2011-05-12;167;0.0167
2011-05-13;168;0.0168
2011-05-16;169;0.0169
2011-05-17;169;0.0169
2011-05-18;166;0.0166
2011-05-19;163;0.0163
2011-05-20;162;0.0162
2011-05-23;165;0.0165
2011-05-24;165;0.0165
2011-05-25;166;0.0166
2011-05-26;174;0.0174
2011-05-27;175;0.0175
2011-05-30;175;0.0175
2011-05-31;175;0.0175
2011-06-01;183;0.0183
2011-06-02;174;0.0174
2011-06-03;175;0.0175
2011-06-06;177;0.0177
2011-06-07;175;0.0175
2011-06-08;179;0.0179
2011-06-09;176;0.0176
2011-06-10;177;0.0177
2011-06-13;176;0.0176
2011-06-14;161;0.0161
2011-06-15;174;0.0174
2011-06-16;179;0.0179
2011-06-17;179;0.0179
2011-06-20;172;0.0172
2011-06-21;167;0.0167
2011-06-22;166;0.0166
2011-06-23;172;0.0172
2011-06-24;175;0.0175
2011-06-27;168;0.0168
2011-06-28;160;0.016
2011-06-29;154;0.0154
2011-06-30;148;0.0148
2011-07-01;147;0.0147
2011-07-04;147;0.0147
2011-07-05;154;0.0154
2011-07-06;159;0.0159
2011-07-07;153;0.0153
2011-07-08;163;0.0163
2011-07-11;173;0.0173
2011-07-12;173;0.0173
2011-07-13;176;0.0176
2011-07-14;172;0.0172
2011-07-15;173;0.0173
2011-07-18;170;0.017
2011-07-19;171;0.0171
2011-07-20;166;0.0166
2011-07-21;161;0.0161
2011-07-22;163;0.0163
2011-07-25;159;0.0159
2011-07-26;159;0.0159
2011-07-27;156;0.0156
2011-07-28;153;0.0153
2011-07-29;157;0.0157
2011-08-01;157;0.0157
2011-08-02;162;0.0162
2011-08-03;166;0.0166
2011-08-04;186;0.0186
2011-08-05;179;0.0179
2011-08-08;212;0.0212
2011-08-09;217;0.0217
2011-08-10;221;0.0221
2011-08-11;215;0.0215
2011-08-12;214;0.0214
2011-08-15;199;0.0199
2011-08-16;206;0.0206
2011-08-17;206;0.0206
2011-08-18;213;0.0213
2011-08-19;215;0.0215
2011-08-22;214;0.0214
2011-08-23;213;0.0213
2011-08-24;201;0.0201
2011-08-25;204;0.0204
2011-08-26;210;0.021
2011-08-29;200;0.02
2011-08-30;207;0.0207
2011-08-31;194;0.0194
2011-09-01;203;0.0203
2011-09-02;214;0.0214
2011-09-05;214;0.0214
2011-09-06;217;0.0217
2011-09-07;211;0.0211
2011-09-08;217;0.0217
2011-09-09;228;0.0228
2011-09-12;232;0.0232
2011-09-13;228;0.0228
2011-09-14;233;0.0233
2011-09-15;228;0.0228
2011-09-16;231;0.0231
2011-09-19;251;0.0251
2011-09-20;244;0.0244
2011-09-21;254;0.0254
2011-09-22;282;0.0282
2011-09-23;278;0.0278
2011-09-26;282;0.0282
2011-09-27;264;0.0264
2011-09-28;265;0.0265
2011-09-29;270;0.027
2011-09-30;275;0.0275
2011-10-03;288;0.0288
2011-10-04;289;0.0289
2011-10-05;279;0.0279
2011-10-06;262;0.0262
2011-10-07;257;0.0257
2011-10-10;257;0.0257
2011-10-11;239;0.0239
2011-10-12;223;0.0223
2011-10-13;233;0.0233
2011-10-14;225;0.0225
2011-10-17;232;0.0232
2011-10-18;232;0.0232
2011-10-19;235;0.0235
2011-10-20;237;0.0237
2011-10-21;231;0.0231
2011-10-24;226;0.0226
2011-10-25;233;0.0233
2011-10-26;224;0.0224
2011-10-27;197;0.0197
2011-10-28;212;0.0212
2011-10-31;222;0.0222
2011-11-01;229;0.0229
2011-11-02;225;0.0225
2011-11-03;215;0.0215
2011-11-04;219;0.0219
2011-11-07;223;0.0223
2011-11-08;213;0.0213
2011-11-09;230;0.023
2011-11-10;220;0.022
2011-11-11;220;0.022
2011-11-14;220;0.022
2011-11-15;219;0.0219
2011-11-16;225;0.0225
2011-11-17;236;0.0236
2011-11-18;232;0.0232
2011-11-21;241;0.0241
2011-11-22;239;0.0239
2011-11-23;248;0.0248
2011-11-24;248;0.0248
2011-11-25;241;0.0241
2011-11-28;241;0.0241
2011-11-29;237;0.0237
2011-11-30;228;0.0228
2011-12-01;219;0.0219
2011-12-02;224;0.0224
2011-12-05;220;0.022
2011-12-06;214;0.0214
2011-12-07;221;0.0221
2011-12-08;221;0.0221
2011-12-09;208;0.0208
2011-12-12;211;0.0211
2011-12-13;213;0.0213
2011-12-14;222;0.0222
2011-12-15;221;0.0221
2011-12-16;231;0.0231
2011-12-19;235;0.0235
2011-12-20;223;0.0223
2011-12-21;217;0.0217
2011-12-22;219;0.0219
2011-12-23;210;0.021
2011-12-26;210;0.021
2011-12-27;211;0.0211
2011-12-28;220;0.022
2011-12-29;223;0.0223
2011-12-30;223;0.0223
2012-01-02;223;0.0223
2012-01-03;217;0.0217
2012-01-04;216;0.0216
2012-01-05;214;0.0214
2012-01-06;219;0.0219
2012-01-09;220;0.022
2012-01-10;224;0.0224
2012-01-11;233;0.0233
2012-01-12;229;0.0229
2012-01-13;237;0.0237
2012-01-16;237;0.0237
2012-01-17;234;0.0234
2012-01-18;230;0.023
2012-01-19;218;0.0218
2012-01-20;213;0.0213
2012-01-23;209;0.0209
2012-01-24;212;0.0212
2012-01-25;210;0.021
2012-01-26;218;0.0218
2012-01-27;218;0.0218
2012-01-30;224;0.0224
2012-01-31;224;0.0224
2012-02-01;216;0.0216
2012-02-02;218;0.0218
2012-02-03;207;0.0207
2012-02-06;210;0.021
2012-02-07;203;0.0203
2012-02-08;203;0.0203
2012-02-09;196;0.0196
2012-02-10;201;0.0201
2012-02-13;196;0.0196
2012-02-14;203;0.0203
2012-02-15;205;0.0205
2012-02-16;202;0.0202
2012-02-17;198;0.0198
2012-02-20;198;0.0198
2012-02-21;194;0.0194
2012-02-22;197;0.0197
2012-02-23;201;0.0201
2012-02-24;201;0.0201
2012-02-27;206;0.0206
2012-02-28;202;0.0202
2012-02-29;196;0.0196
2012-03-01;193;0.0193
2012-03-02;190;0.019
2012-03-05;191;0.0191
2012-03-06;200;0.02
2012-03-07;195;0.0195
2012-03-08;186;0.0186
2012-03-09;182;0.0182
2012-03-12;176;0.0176
2012-03-13;172;0.0172
2012-03-14;166;0.0166
2012-03-15;169;0.0169
2012-03-16;171;0.0171
2012-03-19;166;0.0166
2012-03-20;165;0.0165
2012-03-21;167;0.0167
2012-03-22;171;0.0171
2012-03-23;174;0.0174
2012-03-26;173;0.0173
2012-03-27;177;0.0177
2012-03-28;179;0.0179
2012-03-29;183;0.0183
2012-03-30;177;0.0177
2012-04-02;178;0.0178
2012-04-03;167;0.0167
2012-04-04;178;0.0178
2012-04-05;185;0.0185
2012-04-09;196;0.0196
2012-04-10;194;0.0194
2012-04-11;188;0.0188
2012-04-12;181;0.0181
2012-04-13;188;0.0188
2012-04-16;190;0.019
2012-04-17;183;0.0183
2012-04-18;184;0.0184
2012-04-19;181;0.0181
2012-04-20;183;0.0183
2012-04-23;188;0.0188
2012-04-24;185;0.0185
2012-04-25;185;0.0185
2012-04-26;186;0.0186
2012-04-27;188;0.0188
2012-04-30;188;0.0188
2012-05-01;184;0.0184
2012-05-02;183;0.0183
2012-05-03;182;0.0182
2012-05-04;187;0.0187
2012-05-07;188;0.0188
2012-05-08;193;0.0193
2012-05-09;196;0.0196
2012-05-10;195;0.0195
2012-05-11;201;0.0201
2012-05-14;208;0.0208
2012-05-15;212;0.0212
2012-05-16;216;0.0216
2012-05-17;227;0.0227
2012-05-18;228;0.0228
2012-05-21;226;0.0226
2012-05-22;223;0.0223
2012-05-23;234;0.0234
2012-05-24;229;0.0229
2012-05-25;229;0.0229
2012-05-28;229;0.0229
2012-05-29;229;0.0229
2012-05-30;237;0.0237
2012-05-31;244;0.0244
2012-06-01;251;0.0251
2012-06-04;244;0.0244
2012-06-05;234;0.0234
2012-06-06;221;0.0221
2012-06-07;222;0.0222
2012-06-08;222;0.0222
2012-06-11;226;0.0226
2012-06-12;216;0.0216
2012-06-13;214;0.0214
2012-06-14;213;0.0213
2012-06-15;203;0.0203
2012-06-18;211;0.0211
2012-06-19;211;0.0211
2012-06-20;211;0.0211
2012-06-21;212;0.0212
2012-06-22;208;0.0208
2012-06-25;214;0.0214
2012-06-26;213;0.0213
2012-06-27;213;0.0213
2012-06-28;219;0.0219
2012-06-29;208;0.0208
2012-07-02;213;0.0213
2012-07-03;205;0.0205
2012-07-04;205;0.0205
2012-07-05;205;0.0205
2012-07-06;208;0.0208
2012-07-09;208;0.0208
2012-07-10;211;0.0211
2012-07-11;208;0.0208
2012-07-12;206;0.0206
2012-07-13;203;0.0203
2012-07-16;200;0.02
2012-07-17;195;0.0195
2012-07-18;199;0.0199
2012-07-19;197;0.0197
2012-07-20;198;0.0198
2012-07-23;205;0.0205
2012-07-24;211;0.0211
2012-07-25;210;0.021
2012-07-26;207;0.0207
2012-07-27;190;0.019
2012-07-30;182;0.0182
2012-07-31;183;0.0183
2012-08-01;175;0.0175
2012-08-02;182;0.0182
2012-08-03;174;0.0174
2012-08-06;173;0.0173
2012-08-07;169;0.0169
2012-08-08;164;0.0164
2012-08-09;165;0.0165
2012-08-10;169;0.0169
2012-08-13;169;0.0169
2012-08-14;166;0.0166
2012-08-15;163;0.0163
2012-08-16;166;0.0166
2012-08-17;167;0.0167
2012-08-20;168;0.0168
2012-08-21;167;0.0167
2012-08-22;169;0.0169
2012-08-23;172;0.0172
2012-08-24;174;0.0174
2012-08-27;177;0.0177
2012-08-28;173;0.0173
2012-08-29;173;0.0173
2012-08-30;175;0.0175
2012-08-31;181;0.0181
2012-09-03;181;0.0181
2012-09-04;176;0.0176
2012-09-05;176;0.0176
2012-09-06;165;0.0165
2012-09-07;166;0.0166
2012-09-10;165;0.0165
2012-09-11;163;0.0163
2012-09-12;157;0.0157
2012-09-13;157;0.0157
2012-09-14;149;0.0149
2012-09-17;153;0.0153
2012-09-18;155;0.0155
2012-09-19;156;0.0156
2012-09-20;156;0.0156
2012-09-21;154;0.0154
2012-09-24;157;0.0157
2012-09-25;164;0.0164
2012-09-26;168;0.0168
2012-09-27;166;0.0166
2012-09-28;166;0.0166
2012-10-01;162;0.0162
2012-10-02;159;0.0159
2012-10-03;157;0.0157
2012-10-04;153;0.0153
2012-10-05;146;0.0146
2012-10-08;146;0.0146
2012-10-09;149;0.0149
2012-10-10;153;0.0153
2012-10-11;155;0.0155
2012-10-12;152;0.0152
2012-10-15;151;0.0151
2012-10-16;146;0.0146
2012-10-17;140;0.014
2012-10-18;137;0.0137
2012-10-19;145;0.0145
2012-10-22;145;0.0145
2012-10-23;146;0.0146
2012-10-24;145;0.0145
2012-10-25;144;0.0144
2012-10-26;154;0.0154
2012-10-29;157;0.0157
2012-10-30;157;0.0157
2012-10-31;158;0.0158
2012-11-01;152;0.0152
2012-11-02;153;0.0153
2012-11-05;147;0.0147
2012-11-06;143;0.0143
2012-11-07;147;0.0147
2012-11-08;152;0.0152
2012-11-09;154;0.0154
2012-11-12;154;0.0154
2012-11-13;160;0.016
2012-11-14;164;0.0164
2012-11-15;166;0.0166
2012-11-16;165;0.0165
2012-11-19;162;0.0162
2012-11-20;158;0.0158
2012-11-21;154;0.0154
2012-11-22;154;0.0154
2012-11-23;154;0.0154
2012-11-26;155;0.0155
2012-11-27;154;0.0154
2012-11-28;155;0.0155
2012-11-29;152;0.0152
2012-11-30;153;0.0153
2012-12-03;155;0.0155
2012-12-04;156;0.0156
2012-12-05;156;0.0156
2012-12-06;158;0.0158
2012-12-07;154;0.0154
2012-12-10;155;0.0155
2012-12-11;153;0.0153
2012-12-12;148;0.0148
2012-12-13;147;0.0147
2012-12-14;146;0.0146
2012-12-17;140;0.014
2012-12-18;138;0.0138
2012-12-19;137;0.0137
2012-12-20;138;0.0138
2012-12-21;143;0.0143
2012-12-24;141;0.0141
2012-12-26;142;0.0142
2012-12-27;146;0.0146
2012-12-28;148;0.0148
2012-12-31;142;0.0142
2013-01-02;136;0.0136
2013-01-03;137;0.0137
2013-01-04;137;0.0137
2013-01-07;142;0.0142
2013-01-08;146;0.0146
2013-01-09;148;0.0148
2013-01-10;146;0.0146
2013-01-11;147;0.0147
2013-01-14;143;0.0143
2013-01-15;147;0.0147
2013-01-16;148;0.0148
2013-01-17;146;0.0146
2013-01-18;147;0.0147
2013-01-21;147;0.0147
2013-01-22;148;0.0148
2013-01-23;149;0.0149
2013-01-24;151;0.0151
2013-01-25;147;0.0147
2013-01-28;148;0.0148
2013-01-29;150;0.015
2013-01-30;153;0.0153
2013-01-31;155;0.0155
2013-02-01;151;0.0151
2013-02-04;155;0.0155
2013-02-05;153;0.0153
2013-02-06;156;0.0156
2013-02-07;156;0.0156
2013-02-08;155;0.0155
2013-02-11;156;0.0156
2013-02-12;156;0.0156
2013-02-13;154;0.0154
2013-02-14;156;0.0156
2013-02-15;158;0.0158
2013-02-18;158;0.0158
2013-02-19;158;0.0158
2013-02-20;169;0.0169
2013-02-21;171;0.0171
2013-02-22;171;0.0171
2013-02-25;173;0.0173
2013-02-26;176;0.0176
2013-02-27;173;0.0173
2013-02-28;178;0.0178
2013-03-01;182;0.0182
2013-03-04;178;0.0178
2013-03-05;171;0.0171
2013-03-06;167;0.0167
2013-03-07;166;0.0166
2013-03-08;167;0.0167
2013-03-11;170;0.017
2013-03-12;169;0.0169
2013-03-13;177;0.0177
2013-03-14;174;0.0174
2013-03-15;179;0.0179
2013-03-18;179;0.0179
2013-03-19;188;0.0188
2013-03-20;187;0.0187
2013-03-21;189;0.0189
2013-03-22;194;0.0194
2013-03-25;191;0.0191
2013-03-26;191;0.0191
2013-03-27;191;0.0191
2013-03-28;189;0.0189
2013-04-01;191;0.0191
2013-04-02;188;0.0188
2013-04-03;185;0.0185
2013-04-04;181;0.0181
2013-04-05;181;0.0181
2013-04-08;178;0.0178
2013-04-09;174;0.0174
2013-04-10;169;0.0169
2013-04-11;165;0.0165
2013-04-12;168;0.0168
2013-04-15;174;0.0174
2013-04-16;172;0.0172
2013-04-17;173;0.0173
2013-04-18;178;0.0178
2013-04-19;176;0.0176
2013-04-22;174;0.0174
2013-04-23;174;0.0174
2013-04-24;176;0.0176
2013-04-25;174;0.0174
2013-04-26;175;0.0175
2013-04-29;173;0.0173
2013-04-30;171;0.0171
2013-05-01;170;0.017
2013-05-02;169;0.0169
2013-05-03;165;0.0165
2013-05-06;162;0.0162
2013-05-07;161;0.0161
2013-05-08;164;0.0164
2013-05-09;161;0.0161
2013-05-10;161;0.0161
2013-05-13;165;0.0165
2013-05-14;162;0.0162
2013-05-15;168;0.0168
2013-05-16;177;0.0177
2013-05-17;175;0.0175
2013-05-20;176;0.0176
2013-05-21;181;0.0181
2013-05-22;178;0.0178
2013-05-23;189;0.0189
2013-05-24;191;0.0191
2013-05-27;191;0.0191
2013-05-28;197;0.0197
2013-05-29;203;0.0203
2013-05-30;198;0.0198
2013-05-31;206;0.0206
2013-06-03;207;0.0207
2013-06-04;206;0.0206
2013-06-05;210;0.021
2013-06-06;218;0.0218
2013-06-07;213;0.0213
2013-06-10;222;0.0222
2013-06-11;236;0.0236
2013-06-12;226;0.0226
2013-06-13;212;0.0212
2013-06-14;216;0.0216
2013-06-17;216;0.0216
2013-06-18;224;0.0224
2013-06-19;233;0.0233
2013-06-20;249;0.0249
2013-06-21;253;0.0253
2013-06-24;263;0.0263
2013-06-25;252;0.0252
2013-06-26;248;0.0248
2013-06-27;244;0.0244
2013-06-28;237;0.0237
2013-07-01;232;0.0232
2013-07-02;236;0.0236
2013-07-03;239;0.0239
2013-07-04;239;0.0239
2013-07-05;236;0.0236
2013-07-08;241;0.0241
2013-07-09;243;0.0243
2013-07-10;238;0.0238
2013-07-11;239;0.0239
2013-07-12;234;0.0234
2013-07-15;224;0.0224
2013-07-16;221;0.0221
2013-07-17;211;0.0211
2013-07-18;203;0.0203
2013-07-19;207;0.0207
2013-07-22;207;0.0207
2013-07-23;208;0.0208
2013-07-24;211;0.0211
2013-07-25;217;0.0217
2013-07-26;230;0.023
2013-07-29;233;0.0233
2013-07-30;236;0.0236
2013-07-31;235;0.0235
2013-08-01;233;0.0233
2013-08-02;236;0.0236
2013-08-05;233;0.0233
2013-08-06;232;0.0232
2013-08-07;237;0.0237
2013-08-08;234;0.0234
2013-08-09;236;0.0236
2013-08-12;230;0.023
2013-08-13;222;0.0222
2013-08-14;226;0.0226
2013-08-15;228;0.0228
2013-08-16;232;0.0232
2013-08-19;240;0.024
2013-08-20;241;0.0241
2013-08-21;246;0.0246
2013-08-22;238;0.0238
2013-08-23;242;0.0242
2013-08-26;242;0.0242
2013-08-27;249;0.0249
2013-08-28;248;0.0248
2013-08-29;251;0.0251
2013-08-30;251;0.0251
2013-09-02;251;0.0251
2013-09-03;248;0.0248
2013-09-04;250;0.025
2013-09-05;243;0.0243
2013-09-06;237;0.0237
2013-09-09;230;0.023
2013-09-10;235;0.0235
2013-09-11;230;0.023
2013-09-12;231;0.0231
2013-09-13;229;0.0229
2013-09-16;222;0.0222
2013-09-17;217;0.0217
2013-09-18;211;0.0211
2013-09-19;208;0.0208
2013-09-20;213;0.0213
2013-09-23;213;0.0213
2013-09-24;221;0.0221
2013-09-25;221;0.0221
2013-09-26;228;0.0228
2013-09-27;231;0.0231
2013-09-30;236;0.0236
2013-10-01;234;0.0234
2013-10-02;234;0.0234
2013-10-03;234;0.0234
2013-10-04;230;0.023
2013-10-07;228;0.0228
2013-10-08;225;0.0225
2013-10-09;222;0.0222
2013-10-10;219;0.0219
2013-10-11;213;0.0213
2013-10-14;213;0.0213
2013-10-15;207;0.0207
2013-10-16;211;0.0211
2013-10-17;214;0.0214
2013-10-18;206;0.0206
2013-10-21;211;0.0211
2013-10-22;213;0.0213
2013-10-23;213;0.0213
2013-10-24;215;0.0215
2013-10-25;219;0.0219
2013-10-28;219;0.0219
2013-10-29;219;0.0219
2013-10-30;216;0.0216
2013-10-31;220;0.022
2013-11-01;224;0.0224
2013-11-04;223;0.0223
2013-11-05;224;0.0224
2013-11-06;226;0.0226
2013-11-07;233;0.0233
2013-11-08;237;0.0237
2013-11-11;237;0.0237
2013-11-12;242;0.0242
2013-11-13;241;0.0241
2013-11-14;235;0.0235
2013-11-15;233;0.0233
2013-11-18;232;0.0232
2013-11-19;236;0.0236
2013-11-20;235;0.0235
2013-11-21;236;0.0236
2013-11-22;237;0.0237
2013-11-25;242;0.0242
2013-11-26;243;0.0243
2013-11-27;247;0.0247
2013-11-28;247;0.0247
2013-11-29;247;0.0247
2013-12-02;255;0.0255
2013-12-03;259;0.0259
2013-12-04;257;0.0257
2013-12-05;255;0.0255
2013-12-06;246;0.0246
2013-12-09;246;0.0246
2013-12-10;247;0.0247
2013-12-11;243;0.0243
2013-12-12;235;0.0235
2013-12-13;234;0.0234
2013-12-16;232;0.0232
2013-12-17;238;0.0238
2013-12-18;235;0.0235
2013-12-19;230;0.023
2013-12-20;232;0.0232
2013-12-23;229;0.0229
2013-12-24;223;0.0223
2013-12-26;222;0.0222
2013-12-27;226;0.0226
2013-12-30;228;0.0228
2013-12-31;224;0.0224
2014-01-02;230;0.023
2014-01-03;229;0.0229
2014-01-06;236;0.0236
2014-01-07;245;0.0245
2014-01-08;248;0.0248
2014-01-09;245;0.0245
2014-01-10;249;0.0249
2014-01-13;251;0.0251
2014-01-14;248;0.0248
2014-01-15;243;0.0243
2014-01-16;246;0.0246
2014-01-17;248;0.0248
2014-01-20;248;0.0248
2014-01-21;248;0.0248
2014-01-22;252;0.0252
2014-01-23;261;0.0261
2014-01-24;264;0.0264
2014-01-27;264;0.0264
2014-01-28;264;0.0264
2014-01-29;273;0.0273
2014-01-30;273;0.0273
2014-01-31;272;0.0272
2014-02-03;278;0.0278
2014-02-04;268;0.0268
2014-02-05;260;0.026
2014-02-06;254;0.0254
2014-02-07;252;0.0252
2014-02-10;256;0.0256
2014-02-11;255;0.0255
2014-02-12;255;0.0255
2014-02-13;257;0.0257
2014-02-14;256;0.0256
2014-02-17;256;0.0256
2014-02-18;259;0.0259
2014-02-19;251;0.0251
2014-02-20;249;0.0249
2014-02-21;246;0.0246
2014-02-24;239;0.0239
2014-02-25;244;0.0244
2014-02-26;249;0.0249
2014-02-27;247;0.0247
2014-02-28;245;0.0245
2014-03-03;251;0.0251
2014-03-04;238;0.0238
2014-03-05;229;0.0229
2014-03-06;226;0.0226
2014-03-07;230;0.023
2014-03-10;232;0.0232
2014-03-11;237;0.0237
2014-03-12;238;0.0238
2014-03-13;245;0.0245
2014-03-14;245;0.0245
2014-03-17;240;0.024
2014-03-18;234;0.0234
2014-03-19;232;0.0232
2014-03-20;236;0.0236
2014-03-21;234;0.0234
2014-03-24;237;0.0237
2014-03-25;230;0.023
2014-03-26;223;0.0223
2014-03-27;224;0.0224
2014-03-28;227;0.0227
2014-03-31;228;0.0228
2014-04-01;222;0.0222
2014-04-02;223;0.0223
2014-04-03;223;0.0223
2014-04-04;221;0.0221
2014-04-07;222;0.0222
2014-04-08;221;0.0221
2014-04-09;222;0.0222
2014-04-10;220;0.022
2014-04-11;222;0.0222
2014-04-14;223;0.0223
2014-04-15;224;0.0224
2014-04-16;221;0.0221
2014-04-17;212;0.0212
2014-04-21;213;0.0213
2014-04-22;215;0.0215
2014-04-23;219;0.0219
2014-04-24;220;0.022
2014-04-25;222;0.0222
2014-04-28;219;0.0219
2014-04-29;214;0.0214
2014-04-30;211;0.0211
2014-05-01;209;0.0209
2014-05-02;207;0.0207
2014-05-05;207;0.0207
2014-05-06;204;0.0204
2014-05-07;204;0.0204
2014-05-08;202;0.0202
2014-05-09;205;0.0205
2014-05-12;205;0.0205
2014-05-13;205;0.0205
2014-05-14;207;0.0207
2014-05-15;214;0.0214
2014-05-16;212;0.0212
2014-05-19;210;0.021
2014-05-20;216;0.0216
2014-05-21;212;0.0212
2014-05-22;215;0.0215
2014-05-23;214;0.0214
2014-05-26;214;0.0214
2014-05-27;216;0.0216
2014-05-28;212;0.0212
2014-05-29;206;0.0206
2014-05-30;208;0.0208
2014-06-02;208;0.0208
2014-06-03;207;0.0207
2014-06-04;210;0.021
2014-06-05;207;0.0207
2014-06-06;198;0.0198
2014-06-09;197;0.0197
2014-06-10;201;0.0201
2014-06-11;212;0.0212
2014-06-12;211;0.0211
2014-06-13;204;0.0204
2014-06-16;208;0.0208
2014-06-17;207;0.0207
2014-06-18;206;0.0206
2014-06-19;208;0.0208
2014-06-20;209;0.0209
2014-06-23;208;0.0208
2014-06-24;207;0.0207
2014-06-25;203;0.0203
2014-06-26;203;0.0203
2014-06-27;205;0.0205
2014-06-30;208;0.0208
2014-07-01;206;0.0206
2014-07-02;207;0.0207
2014-07-03;206;0.0206
2014-07-04;206;0.0206
2014-07-07;206;0.0206
2014-07-08;208;0.0208
2014-07-09;212;0.0212
2014-07-10;214;0.0214
2014-07-11;215;0.0215
2014-07-14;213;0.0213
2014-07-15;214;0.0214
2014-07-16;214;0.0214
2014-07-17;219;0.0219
2014-07-18;209;0.0209
2014-07-21;208;0.0208
2014-07-22;207;0.0207
2014-07-23;203;0.0203
2014-07-24;203;0.0203
2014-07-25;209;0.0209
2014-07-28;210;0.021
2014-07-29;215;0.0215
2014-07-30;206;0.0206
2014-07-31;212;0.0212
2014-08-01;225;0.0225
2014-08-04;224;0.0224
2014-08-05;231;0.0231
2014-08-06;230;0.023
2014-08-07;234;0.0234
2014-08-08;233;0.0233
2014-08-11;231;0.0231
2014-08-12;228;0.0228
2014-08-13;227;0.0227
2014-08-14;221;0.0221
2014-08-15;222;0.0222
2014-08-18;218;0.0218
2014-08-19;215;0.0215
2014-08-20;213;0.0213
2014-08-21;211;0.0211
2014-08-22;212;0.0212
2014-08-25;212;0.0212
2014-08-26;209;0.0209
2014-08-27;205;0.0205
2014-08-28;204;0.0204
2014-08-29;205;0.0205
2014-09-01;205;0.0205
2014-09-02;203;0.0203
2014-09-03;201;0.0201
2014-09-04;203;0.0203
2014-09-05;200;0.02
2014-09-08;200;0.02
2014-09-09;210;0.021
2014-09-10;208;0.0208
2014-09-11;209;0.0209
2014-09-12;214;0.0214
2014-09-15;219;0.0219
2014-09-16;218;0.0218
2014-09-17;209;0.0209
2014-09-18;210;0.021
2014-09-19;212;0.0212
2014-09-22;219;0.0219
2014-09-23;220;0.022
2014-09-24;218;0.0218
2014-09-25;228;0.0228
2014-09-26;230;0.023
2014-09-29;243;0.0243
2014-09-30;239;0.0239
2014-10-01;246;0.0246
2014-10-02;240;0.024
2014-10-03;239;0.0239
2014-10-06;237;0.0237
2014-10-07;240;0.024
2014-10-08;239;0.0239
2014-10-09;232;0.0232
2014-10-10;236;0.0236
2014-10-13;236;0.0236
2014-10-14;245;0.0245
2014-10-15;244;0.0244
2014-10-16;245;0.0245
2014-10-17;239;0.0239
2014-10-20;241;0.0241
2014-10-21;244;0.0244
2014-10-22;243;0.0243
2014-10-23;243;0.0243
2014-10-24;243;0.0243
2014-10-27;245;0.0245
2014-10-28;239;0.0239
2014-10-29;236;0.0236
2014-10-30;233;0.0233
2014-10-31;233;0.0233
2014-11-03;237;0.0237
2014-11-04;244;0.0244
2014-11-05;242;0.0242
2014-11-06;243;0.0243
2014-11-07;252;0.0252
2014-11-10;249;0.0249
2014-11-11;249;0.0249
2014-11-12;249;0.0249
2014-11-13;250;0.025
2014-11-14;263;0.0263
2014-11-17;264;0.0264
2014-11-18;264;0.0264
2014-11-19;255;0.0255
2014-11-20;252;0.0252
2014-11-21;237;0.0237
2014-11-24;241;0.0241
2014-11-25;245;0.0245
2014-11-26;238;0.0238
2014-11-27;238;0.0238
2014-11-28;238;0.0238
2014-12-01;244;0.0244
2014-12-02;238;0.0238
2014-12-03;233;0.0233
2014-12-04;238;0.0238
2014-12-05;243;0.0243
2014-12-08;255;0.0255
2014-12-09;266;0.0266
2014-12-10;280;0.028
2014-12-11;273;0.0273
2014-12-12;301;0.0301
2014-12-15;312;0.0312
2014-12-16;318;0.0318
2014-12-17;284;0.0284
2014-12-18;283;0.0283
2014-12-19;266;0.0266
2014-12-22;263;0.0263
2014-12-23;250;0.025
2014-12-24;254;0.0254
2014-12-26;256;0.0256
2014-12-29;257;0.0257
2014-12-30;261;0.0261
2014-12-31;259;0.0259
2015-01-02;264;0.0264
2015-01-05;281;0.0281
2015-01-06;287;0.0287
2015-01-07;284;0.0284
2015-01-08;278;0.0278
2015-01-09;281;0.0281
2015-01-12;293;0.0293
2015-01-13;292;0.0292
2015-01-14;289;0.0289
2015-01-15;294;0.0294
2015-01-16;294;0.0294
2015-01-19;294;0.0294
2015-01-20;290;0.029
2015-01-21;288;0.0288
2015-01-22;286;0.0286
2015-01-23;283;0.0283
2015-01-26;286;0.0286
2015-01-27;284;0.0284
2015-01-28;297;0.0297
2015-01-29;294;0.0294
2015-01-30;324;0.0324
2015-02-02;324;0.0324
2015-02-03;311;0.0311
2015-02-04;307;0.0307
2015-02-05;300;0.03
2015-02-06;297;0.0297
2015-02-09;296;0.0296
2015-02-10;300;0.03
2015-02-11;312;0.0312
2015-02-12;313;0.0313
2015-02-13;305;0.0305
2015-02-16;305;0.0305
2015-02-17;301;0.0301
2015-02-18;304;0.0304
2015-02-19;297;0.0297
2015-02-20;306;0.0306
2015-02-23;314;0.0314
2015-02-24;314;0.0314
2015-02-25;322;0.0322
2015-02-26;329;0.0329
2015-02-27;322;0.0322
2015-03-02;310;0.031
2015-03-03;303;0.0303
2015-03-04;307;0.0307
2015-03-05;307;0.0307
2015-03-06;308;0.0308
2015-03-09;327;0.0327
2015-03-10;328;0.0328
2015-03-11;333;0.0333
2015-03-12;324;0.0324
2015-03-13;344;0.0344
2015-03-16;344;0.0344
2015-03-17;361;0.0361
2015-03-18;360;0.036
2015-03-19;351;0.0351
2015-03-20;344;0.0344
2015-03-23;333;0.0333
2015-03-24;328;0.0328
2015-03-25;324;0.0324
2015-03-26;319;0.0319
2015-03-27;324;0.0324
2015-03-30;318;0.0318
2015-03-31;322;0.0322
2015-04-01;317;0.0317
2015-04-02;309;0.0309
2015-04-03;312;0.0312
2015-04-06;302;0.0302
2015-04-07;301;0.0301
2015-04-08;287;0.0287
2015-04-09;283;0.0283
2015-04-10;287;0.0287
2015-04-13;291;0.0291
2015-04-14;289;0.0289
2015-04-15;293;0.0293
2015-04-16;300;0.03
2015-04-17;310;0.031
2015-04-20;296;0.0296
2015-04-21;288;0.0288
2015-04-22;278;0.0278
2015-04-23;276;0.0276
2015-04-24;280;0.028
2015-04-27;283;0.0283
2015-04-28;281;0.0281
2015-04-29;282;0.0282
2015-04-30;295;0.0295
2015-05-01;296;0.0296
2015-05-04;292;0.0292
2015-05-05;284;0.0284
2015-05-06;277;0.0277
2015-05-07;281;0.0281
2015-05-08;274;0.0274
2015-05-11;275;0.0275
2015-05-12;283;0.0283
2015-05-13;279;0.0279
2015-05-14;282;0.0282
2015-05-15;285;0.0285
2015-05-18;275;0.0275
2015-05-19;274;0.0274
2015-05-20;270;0.027
2015-05-21;269;0.0269
2015-05-22;268;0.0268
2015-05-25;268;0.0268
2015-05-26;281;0.0281
2015-05-27;285;0.0285
2015-05-28;287;0.0287
2015-05-29;294;0.0294
2015-06-01;292;0.0292
2015-06-02;284;0.0284
2015-06-03;283;0.0283
2015-06-04;288;0.0288
2015-06-05;287;0.0287
2015-06-08;288;0.0288
2015-06-09;290;0.029
2015-06-10;291;0.0291
2015-06-11;288;0.0288
2015-06-12;287;0.0287
2015-06-15;292;0.0292
2015-06-16;297;0.0297
2015-06-17;298;0.0298
2015-06-18;283;0.0283
2015-06-19;292;0.0292
2015-06-22;292;0.0292
2015-06-23;288;0.0288
2015-06-24;292;0.0292
2015-06-25;298;0.0298
2015-06-26;296;0.0296
2015-06-29;310;0.031
2015-06-30;304;0.0304
2015-07-01;299;0.0299
2015-07-02;295;0.0295
2015-07-03;295;0.0295
2015-07-06;304;0.0304
2015-07-07;309;0.0309
2015-07-08;312;0.0312
2015-07-09;307;0.0307
2015-07-10;297;0.0297
2015-07-13;296;0.0296
2015-07-14;297;0.0297
2015-07-15;306;0.0306
2015-07-16;306;0.0306
2015-07-17;311;0.0311
2015-07-20;318;0.0318
2015-07-21;320;0.032
2015-07-22;328;0.0328
2015-07-23;344;0.0344
2015-07-24;353;0.0353
2015-07-27;360;0.036
2015-07-28;350;0.035
2015-07-29;340;0.034
2015-07-30;339;0.0339
2015-07-31;315;0.0315
2015-08-03;323;0.0323
2015-08-04;322;0.0322
2015-08-05;317;0.0317
2015-08-06;341;0.0341
2015-08-07;343;0.0343
2015-08-10;335;0.0335
2015-08-11;342;0.0342
2015-08-12;323;0.0323
2015-08-13;322;0.0322
2015-08-14;318;0.0318
2015-08-17;316;0.0316
2015-08-18;316;0.0316
2015-08-19;329;0.0329
2015-08-20;338;0.0338
2015-08-21;351;0.0351
2015-08-24;369;0.0369
2015-08-25;352;0.0352
2015-08-26;358;0.0358
2015-08-27;338;0.0338
2015-08-28;334;0.0334
2015-08-31;340;0.034
2015-09-01;361;0.0361
2015-09-02;367;0.0367
2015-09-03;365;0.0365
2015-09-04;381;0.0381
2015-09-07;381;0.0381
2015-09-08;372;0.0372
2015-09-09;363;0.0363
2015-09-10;388;0.0388
2015-09-11;390;0.039
2015-09-14;389;0.0389
2015-09-15;377;0.0377
2015-09-16;374;0.0374
2015-09-17;376;0.0376
2015-09-18;397;0.0397
2015-09-21;422;0.0422
2015-09-22;443;0.0443
2015-09-23;454;0.0454
2015-09-24;450;0.045
2015-09-25;453;0.0453
2015-09-28;489;0.0489
2015-09-29;485;0.0485
2015-09-30;442;0.0442
2015-10-01;421;0.0421
2015-10-02;406;0.0406
2015-10-05;388;0.0388
2015-10-06;386;0.0386
2015-10-07;405;0.0405
2015-10-08;389;0.0389
2015-10-09;383;0.0383
2015-10-12;383;0.0383
2015-10-13;408;0.0408
2015-10-14;411;0.0411
2015-10-15;408;0.0408
2015-10-16;419;0.0419
2015-10-19;438;0.0438
2015-10-20;454;0.0454
2015-10-21;450;0.045
2015-10-22;437;0.0437
2015-10-23;423;0.0423
2015-10-26;418;0.0418
2015-10-27;422;0.0422
2015-10-28;414;0.0414
2015-10-29;410;0.041
2015-10-30;410;0.041
2015-11-02;394;0.0394
2015-11-03;376;0.0376
2015-11-04;378;0.0378
2015-11-05;387;0.0387
2015-11-06;393;0.0393
2015-11-09;403;0.0403
2015-11-10;396;0.0396
2015-11-11;396;0.0396
2015-11-12;398;0.0398
2015-11-13;415;0.0415
2015-11-16;410;0.041
2015-11-17;399;0.0399
2015-11-18;395;0.0395
2015-11-19;381;0.0381
2015-11-20;386;0.0386
2015-11-23;397;0.0397
2015-11-24;393;0.0393
2015-11-25;411;0.0411
2015-11-26;411;0.0411
2015-11-27;409;0.0409
2015-11-30;432;0.0432
2015-12-01;436;0.0436
2015-12-02;440;0.044
2015-12-03;438;0.0438
2015-12-04;435;0.0435
2015-12-07;444;0.0444
2015-12-08;453;0.0453
2015-12-09;458;0.0458
2015-12-10;473;0.0473
2015-12-11;501;0.0501
2015-12-14;484;0.0484
2015-12-15;465;0.0465
2015-12-16;499;0.0499
2015-12-17;498;0.0498
2015-12-18;524;0.0524
2015-12-21;545;0.0545
2015-12-22;521;0.0521
2015-12-23;516;0.0516
2015-12-24;518;0.0518
2015-12-28;520;0.052
2015-12-29;506;0.0506
2015-12-30;516;0.0516
2015-12-31;523;0.0523
2016-01-04;532;0.0532
2016-01-05;497;0.0497
2016-01-06;505;0.0505
2016-01-07;506;0.0506
2016-01-08;512;0.0512
2016-01-11;506;0.0506
2016-01-12;506;0.0506
2016-01-13;521;0.0521
2016-01-14;512;0.0512
2016-01-15;533;0.0533
2016-01-18;533;0.0533
2016-01-19;533;0.0533
2016-01-20;544;0.0544
2016-01-21;534;0.0534
2016-01-22;514;0.0514
2016-01-25;523;0.0523
2016-01-26;511;0.0511
2016-01-27;503;0.0503
2016-01-28;499;0.0499
2016-01-29;512;0.0512
2016-02-01;513;0.0513
2016-02-02;530;0.053
2016-02-03;525;0.0525
2016-02-04;523;0.0523
2016-02-05;521;0.0521
2016-02-08;548;0.0548
2016-02-09;547;0.0547
2016-02-10;554;0.0554
2016-02-11;569;0.0569
2016-02-12;554;0.0554
2016-02-15;554;0.0554
2016-02-16;549;0.0549
2016-02-17;535;0.0535
2016-02-18;539;0.0539
2016-02-19;529;0.0529
2016-02-22;521;0.0521
2016-02-23;519;0.0519
2016-02-24;506;0.0506
2016-02-25;513;0.0513
2016-02-26;506;0.0506
2016-02-29;502;0.0502
2016-03-01;489;0.0489
2016-03-02;485;0.0485
2016-03-03;462;0.0462
2016-03-04;447;0.0447
2016-03-07;452;0.0452
2016-03-08;460;0.046
2016-03-09;440;0.044
2016-03-10;434;0.0434
2016-03-11;427;0.0427
2016-03-14;437;0.0437
2016-03-15;459;0.0459
2016-03-16;457;0.0457
2016-03-17;435;0.0435
2016-03-18;409;0.0409
2016-03-21;392;0.0392
2016-03-22;391;0.0391
2016-03-23;419;0.0419
2016-03-24;427;0.0427
2016-03-28;419;0.0419
2016-03-29;416;0.0416
2016-03-30;404;0.0404
2016-03-31;409;0.0409
2016-04-01;404;0.0404
2016-04-04;413;0.0413
2016-04-05;432;0.0432
2016-04-06;430;0.043
2016-04-07;449;0.0449
2016-04-08;440;0.044
2016-04-11;416;0.0416
2016-04-12;397;0.0397
2016-04-13;387;0.0387
2016-04-14;382;0.0382
2016-04-15;387;0.0387
2016-04-18;394;0.0394
2016-04-19;390;0.039
2016-04-20;385;0.0385
2016-04-21;400;0.04
2016-04-22;406;0.0406
2016-04-25;403;0.0403
2016-04-26;397;0.0397
2016-04-27;382;0.0382
2016-04-28;385;0.0385
2016-04-29;385;0.0385
2016-05-02;382;0.0382
2016-05-03;392;0.0392
2016-05-04;395;0.0395
2016-05-05;397;0.0397
2016-05-06;390;0.039
2016-05-09;394;0.0394
2016-05-10;387;0.0387
2016-05-11;379;0.0379
2016-05-12;376;0.0376
2016-05-13;382;0.0382
2016-05-16;375;0.0375
2016-05-17;374;0.0374
2016-05-18;377;0.0377
2016-05-19;394;0.0394
2016-05-20;392;0.0392
2016-05-23;397;0.0397
2016-05-24;395;0.0395
2016-05-25;391;0.0391
2016-05-26;395;0.0395
2016-05-27;391;0.0391
2016-05-30;391;0.0391
2016-05-31;404;0.0404
2016-06-01;401;0.0401
2016-06-02;392;0.0392
2016-06-03;391;0.0391
2016-06-06;385;0.0385
2016-06-07;377;0.0377
2016-06-08;371;0.0371
2016-06-09;375;0.0375
2016-06-10;383;0.0383
2016-06-13;389;0.0389
2016-06-14;401;0.0401
2016-06-15;395;0.0395
2016-06-16;399;0.0399
2016-06-17;392;0.0392
2016-06-20;380;0.038
2016-06-21;378;0.0378
2016-06-22;376;0.0376
2016-06-23;365;0.0365
2016-06-24;384;0.0384
2016-06-27;393;0.0393
2016-06-28;376;0.0376
2016-06-29;354;0.0354
2016-06-30;350;0.035
2016-07-01;347;0.0347
2016-07-04;347;0.0347
2016-07-05;352;0.0352
2016-07-06;355;0.0355
2016-07-07;355;0.0355
2016-07-08;345;0.0345
2016-07-11;340;0.034
2016-07-12;331;0.0331
2016-07-13;334;0.0334
2016-07-14;331;0.0331
2016-07-15;331;0.0331
2016-07-18;332;0.0332
2016-07-19;332;0.0332
2016-07-20;330;0.033
2016-07-21;337;0.0337
2016-07-22;338;0.0338
2016-07-25;341;0.0341
2016-07-26;343;0.0343
2016-07-27;344;0.0344
2016-07-28;340;0.034
2016-07-29;339;0.0339
2016-08-01;336;0.0336
2016-08-02;331;0.0331
2016-08-03;327;0.0327
2016-08-04;325;0.0325
2016-08-05;319;0.0319
2016-08-08;317;0.0317
2016-08-09;320;0.032
2016-08-10;316;0.0316
2016-08-11;309;0.0309
2016-08-12;306;0.0306
2016-08-15;299;0.0299
2016-08-16;292;0.0292
2016-08-17;298;0.0298
2016-08-18;297;0.0297
2016-08-19;296;0.0296
2016-08-22;303;0.0303
2016-08-23;302;0.0302
2016-08-24;305;0.0305
2016-08-25;306;0.0306
2016-08-26;299;0.0299
2016-08-29;304;0.0304
2016-08-30;306;0.0306
2016-08-31;309;0.0309
2016-09-01;315;0.0315
2016-09-02;309;0.0309
2016-09-05;309;0.0309
2016-09-06;309;0.0309
2016-09-07;303;0.0303
2016-09-08;303;0.0303
2016-09-09;314;0.0314
2016-09-12;313;0.0313
2016-09-13;325;0.0325
2016-09-14;333;0.0333
2016-09-15;331;0.0331
2016-09-16;340;0.034
2016-09-19;334;0.0334
2016-09-20;328;0.0328
2016-09-21;312;0.0312
2016-09-22;306;0.0306
2016-09-23;315;0.0315
2016-09-26;320;0.032
2016-09-27;322;0.0322
2016-09-28;311;0.0311
2016-09-29;318;0.0318
2016-09-30;319;0.0319
2016-10-03;315;0.0315
2016-10-04;318;0.0318
2016-10-05;319;0.0319
2016-10-06;317;0.0317
2016-10-07;317;0.0317
2016-10-10;317;0.0317
2016-10-11;319;0.0319
2016-10-12;314;0.0314
2016-10-13;313;0.0313
2016-10-14;309;0.0309
2016-10-17;314;0.0314
2016-10-18;314;0.0314
2016-10-19;311;0.0311
2016-10-20;308;0.0308
2016-10-21;308;0.0308
2016-10-24;305;0.0305
2016-10-25;307;0.0307
2016-10-26;309;0.0309
2016-10-27;313;0.0313
2016-10-28;308;0.0308
2016-10-31;313;0.0313
2016-11-01;323;0.0323
2016-11-02;328;0.0328
2016-11-03;327;0.0327
2016-11-04;328;0.0328
2016-11-07;314;0.0314
2016-11-08;303;0.0303
2016-11-09;306;0.0306
2016-11-10;341;0.0341
2016-11-11;341;0.0341
2016-11-14;357;0.0357
2016-11-15;330;0.033
2016-11-16;329;0.0329
2016-11-17;331;0.0331
2016-11-18;334;0.0334
2016-11-21;333;0.0333
2016-11-22;332;0.0332
2016-11-23;336;0.0336
2016-11-24;336;0.0336
2016-11-25;337;0.0337
2016-11-28;334;0.0334
2016-11-29;337;0.0337
2016-11-30;337;0.0337
2016-12-01;348;0.0348
2016-12-02;350;0.035
2016-12-05;342;0.0342
2016-12-06;341;0.0341
2016-12-07;336;0.0336
2016-12-08;334;0.0334
2016-12-09;328;0.0328
2016-12-12;330;0.033
2016-12-13;324;0.0324
2016-12-14;332;0.0332
2016-12-15;332;0.0332
2016-12-16;328;0.0328
2016-12-19;327;0.0327
2016-12-20;324;0.0324
2016-12-21;323;0.0323
2016-12-22;326;0.0326
2016-12-23;325;0.0325
2016-12-26;325;0.0325
2016-12-27;322;0.0322
2016-12-28;325;0.0325
2016-12-29;325;0.0325
2016-12-30;328;0.0328
2017-01-02;328;0.0328
2017-01-03;325;0.0325
2017-01-04;311;0.0311
2017-01-05;302;0.0302
2017-01-06;301;0.0301
2017-01-09;302;0.0302
2017-01-10;305;0.0305
2017-01-11;305;0.0305
2017-01-12;298;0.0298
2017-01-13;288;0.0288
2017-01-16;288;0.0288
2017-01-17;282;0.0282
2017-01-18;291;0.0291
2017-01-19;296;0.0296
2017-01-20;294;0.0294
2017-01-23;295;0.0295
2017-01-24;293;0.0293
2017-01-25;296;0.0296
2017-01-26;296;0.0296
2017-01-27;284;0.0284
2017-01-30;291;0.0291
2017-01-31;289;0.0289
2017-02-01;285;0.0285
2017-02-02;281;0.0281
2017-02-03;276;0.0276
2017-02-06;277;0.0277
2017-02-07;287;0.0287
2017-02-08;284;0.0284
2017-02-09;280;0.028
2017-02-10;272;0.0272
2017-02-13;268;0.0268
2017-02-14;266;0.0266
2017-02-15;271;0.0271
2017-02-16;280;0.028
2017-02-17;282;0.0282
2017-02-20;282;0.0282
2017-02-21;279;0.0279
2017-02-22;277;0.0277
2017-02-23;272;0.0272
2017-02-24;277;0.0277
2017-02-27;277;0.0277
2017-02-28;286;0.0286
2017-03-01;275;0.0275
2017-03-02;280;0.028
2017-03-03;273;0.0273
2017-03-06;272;0.0272
2017-03-07;274;0.0274
2017-03-08;287;0.0287
2017-03-09;290;0.029
2017-03-10;280;0.028
2017-03-13;286;0.0286
2017-03-14;291;0.0291
2017-03-15;282;0.0282
2017-03-16;274;0.0274
2017-03-17;272;0.0272
2017-03-20;269;0.0269
2017-03-21;277;0.0277
2017-03-22;280;0.028
2017-03-23;280;0.028
2017-03-24;278;0.0278
2017-03-27;279;0.0279
2017-03-28;278;0.0278
2017-03-29;275;0.0275
2017-03-30;274;0.0274
2017-03-31;270;0.027
2017-04-03;270;0.027
2017-04-04;265;0.0265
2017-04-05;263;0.0263
2017-04-06;269;0.0269
2017-04-07;271;0.0271
2017-04-10;267;0.0267
2017-04-11;272;0.0272
2017-04-12;271;0.0271
2017-04-13;271;0.0271
2017-04-17;270;0.027
2017-04-18;275;0.0275
2017-04-19;273;0.0273
2017-04-20;275;0.0275
2017-04-21;272;0.0272
2017-04-24;263;0.0263
2017-04-25;263;0.0263
2017-04-26;268;0.0268
2017-04-27;264;0.0264
2017-04-28;263;0.0263
2017-05-01;260;0.026
2017-05-02;258;0.0258
2017-05-03;256;0.0256
2017-05-04;264;0.0264
2017-05-05;262;0.0262
2017-05-08;262;0.0262
2017-05-09;264;0.0264
2017-05-10;257;0.0257
2017-05-11;255;0.0255
2017-05-12;255;0.0255
2017-05-15;251;0.0251
2017-05-16;250;0.025
2017-05-17;258;0.0258
2017-05-18;300;0.03
2017-05-19;282;0.0282
2017-05-22;288;0.0288
2017-05-23;280;0.028
2017-05-24;281;0.0281
2017-05-25;286;0.0286
2017-05-26;283;0.0283
2017-05-29;286;0.0286
2017-05-30;284;0.0284
2017-05-31;284;0.0284
2017-06-01;284;0.0284
2017-06-02;283;0.0283
2017-06-05;283;0.0283
2017-06-06;285;0.0285
2017-06-07;288;0.0288
2017-06-08;285;0.0285
2017-06-09;285;0.0285
2017-06-12;286;0.0286
2017-06-13;282;0.0282
2017-06-14;281;0.0281
2017-06-15;286;0.0286
2017-06-16;286;0.0286
2017-06-19;289;0.0289
2017-06-20;299;0.0299
2017-06-21;302;0.0302
2017-06-22;298;0.0298
2017-06-23;294;0.0294
2017-06-26;290;0.029
2017-06-27;298;0.0298
2017-06-28;290;0.029
2017-06-29;294;0.0294
2017-06-30;289;0.0289
2017-07-03;286;0.0286
2017-07-05;291;0.0291
2017-07-06;297;0.0297
2017-07-07;293;0.0293
2017-07-10;286;0.0286
2017-07-11;282;0.0282
2017-07-12;277;0.0277
2017-07-13;277;0.0277
2017-07-14;274;0.0274
2017-07-17;273;0.0273
2017-07-18;273;0.0273
2017-07-19;271;0.0271
2017-07-20;266;0.0266
2017-07-21;264;0.0264
2017-07-24;270;0.027
2017-07-25;272;0.0272
2017-07-26;269;0.0269
2017-07-27;268;0.0268
2017-07-28;271;0.0271
2017-07-31;268;0.0268
2017-08-01;267;0.0267
2017-08-02;268;0.0268
2017-08-03;264;0.0264
2017-08-04;262;0.0262
2017-08-07;263;0.0263
2017-08-08;262;0.0262
2017-08-09;269;0.0269
2017-08-10;281;0.0281
2017-08-11;281;0.0281
2017-08-14;276;0.0276
2017-08-15;269;0.0269
2017-08-16;271;0.0271
2017-08-17;279;0.0279
2017-08-18;277;0.0277
2017-08-21;279;0.0279
2017-08-22;276;0.0276
2017-08-23;274;0.0274
2017-08-24;269;0.0269
2017-08-25;270;0.027
2017-08-28;273;0.0273
2017-08-29;274;0.0274
2017-08-30;272;0.0272
2017-08-31;272;0.0272
2017-09-01;265;0.0265
2017-09-04;265;0.0265
2017-09-05;268;0.0268
2017-09-06;267;0.0267
2017-09-07;265;0.0265
2017-09-08;264;0.0264
2017-09-11;259;0.0259
2017-09-12;260;0.026
2017-09-13;257;0.0257
2017-09-14;256;0.0256
2017-09-15;255;0.0255
2017-09-18;252;0.0252
2017-09-19;252;0.0252
2017-09-20;254;0.0254
2017-09-21;255;0.0255
2017-09-22;253;0.0253
2017-09-25;257;0.0257
2017-09-26;256;0.0256
2017-09-27;256;0.0256
2017-09-28;253;0.0253
2017-09-29;247;0.0247
2017-10-02;246;0.0246
2017-10-03;245;0.0245
2017-10-04;245;0.0245
2017-10-05;241;0.0241
2017-10-06;244;0.0244
2017-10-09;244;0.0244
2017-10-10;248;0.0248
2017-10-11;247;0.0247
2017-10-12;245;0.0245
2017-10-13;244;0.0244
2017-10-16;242;0.0242
2017-10-17;240;0.024
2017-10-18;236;0.0236
2017-10-19;236;0.0236
2017-10-20;233;0.0233
2017-10-23;233;0.0233
2017-10-24;234;0.0234
2017-10-25;234;0.0234
2017-10-26;242;0.0242
2017-10-27;238;0.0238
2017-10-30;239;0.0239
2017-10-31;243;0.0243
2017-11-01;244;0.0244
2017-11-02;245;0.0245
2017-11-03;249;0.0249
2017-11-06;247;0.0247
2017-11-07;253;0.0253
2017-11-08;253;0.0253
2017-11-09;255;0.0255
2017-11-10;253;0.0253
2017-11-13;251;0.0251
2017-11-14;256;0.0256
2017-11-15;260;0.026
2017-11-16;251;0.0251
2017-11-17;246;0.0246
2017-11-20;248;0.0248
2017-11-21;247;0.0247
2017-11-22;246;0.0246
2017-11-23;246;0.0246
2017-11-24;243;0.0243
2017-11-27;242;0.0242
2017-11-28;239;0.0239
2017-11-29;240;0.024
2017-11-30;241;0.0241
2017-12-01;244;0.0244
2017-12-04;242;0.0242
2017-12-05;236;0.0236
2017-12-06;238;0.0238
2017-12-07;242;0.0242
2017-12-08;240;0.024
2017-12-11;239;0.0239
2017-12-12;239;0.0239
2017-12-13;243;0.0243
2017-12-14;245;0.0245
2017-12-15;244;0.0244
2017-12-18;238;0.0238
2017-12-19;234;0.0234
2017-12-20;231;0.0231
2017-12-21;233;0.0233
2017-12-22;235;0.0235
2017-12-26;237;0.0237
2017-12-27;240;0.024
2017-12-28;239;0.0239
2017-12-29;240;0.024
2018-01-02;234;0.0234
2018-01-03;228;0.0228
2018-01-04;225;0.0225
2018-01-05;221;0.0221
2018-01-08;222;0.0222
2018-01-09;218;0.0218
2018-01-10;222;0.0222
2018-01-11;223;0.0223
2018-01-12;225;0.0225
2018-01-15;225;0.0225
2018-01-16;226;0.0226
2018-01-17;228;0.0228
2018-01-18;231;0.0231
2018-01-19;231;0.0231
2018-01-22;231;0.0231
2018-01-23;233;0.0233
2018-01-24;226;0.0226
2018-01-25;225;0.0225
2018-01-26;222;0.0222
2018-01-29;224;0.0224
2018-01-30;224;0.0224
2018-01-31;227;0.0227
2018-02-01;227;0.0227
2018-02-02;229;0.0229
2018-02-05;243;0.0243
2018-02-06;235;0.0235
2018-02-07;226;0.0226
2018-02-08;241;0.0241
2018-02-09;256;0.0256
2018-02-12;245;0.0245
2018-02-13;255;0.0255
2018-02-14;249;0.0249
2018-02-15;233;0.0233
2018-02-16;228;0.0228
2018-02-20;235;0.0235
2018-02-21;233;0.0233
2018-02-22;238;0.0238
2018-02-23;236;0.0236
2018-02-26;231;0.0231
2018-02-27;229;0.0229
2018-02-28;236;0.0236
2018-03-01;243;0.0243
2018-03-02;240;0.024
2018-03-05;237;0.0237
2018-03-06;235;0.0235
2018-03-07;239;0.0239
2018-03-08;242;0.0242
2018-03-09;233;0.0233
2018-03-12;235;0.0235
2018-03-13;243;0.0243
2018-03-14;245;0.0245
2018-03-15;247;0.0247
2018-03-16;244;0.0244
2018-03-19;249;0.0249
2018-03-20;246;0.0246
2018-03-21;246;0.0246
2018-03-22;250;0.025
2018-03-23;252;0.0252
2018-03-26;248;0.0248
2018-03-27;251;0.0251
2018-03-28;250;0.025
2018-03-29;248;0.0248
2018-04-02;251;0.0251
2018-04-03;243;0.0243
2018-04-04;244;0.0244
2018-04-05;239;0.0239
2018-04-06;247;0.0247
2018-04-09;247;0.0247
2018-04-10;246;0.0246
2018-04-11;246;0.0246
2018-04-12;244;0.0244
2018-04-13;245;0.0245
2018-04-16;248;0.0248
2018-04-17;247;0.0247
2018-04-18;244;0.0244
2018-04-19;245;0.0245
2018-04-20;243;0.0243
2018-04-23;243;0.0243
2018-04-24;242;0.0242
2018-04-25;243;0.0243
2018-04-26;244;0.0244
2018-04-27;249;0.0249
2018-04-30;250;0.025
2018-05-01;250;0.025
2018-05-02;256;0.0256
2018-05-03;263;0.0263
2018-05-04;261;0.0261
2018-05-07;262;0.0262
2018-05-08;269;0.0269
2018-05-09;264;0.0264
2018-05-10;252;0.0252
2018-05-11;254;0.0254
2018-05-14;255;0.0255
2018-05-15;260;0.026
2018-05-16;257;0.0257
2018-05-17;261;0.0261
2018-05-18;274;0.0274
2018-05-21;270;0.027
2018-05-22;265;0.0265
2018-05-23;265;0.0265
2018-05-24;268;0.0268
2018-05-25;271;0.0271
2018-05-28;271;0.0271
2018-05-29;297;0.0297
2018-05-30;295;0.0295
2018-05-31;307;0.0307
2018-06-01;309;0.0309
2018-06-04;300;0.03
2018-06-05;304;0.0304
2018-06-06;311;0.0311
2018-06-07;330;0.033
2018-06-08;325;0.0325
2018-06-11;330;0.033
2018-06-12;332;0.0332
2018-06-13;330;0.033
2018-06-14;334;0.0334
2018-06-15;333;0.0333
2018-06-18;343;0.0343
2018-06-19;345;0.0345
2018-06-20;333;0.0333
2018-06-21;325;0.0325
2018-06-22;318;0.0318
2018-06-25;323;0.0323
2018-06-26;320;0.032
2018-06-27;332;0.0332
2018-06-28;332;0.0332
2018-06-29;332;0.0332
2018-07-02;331;0.0331
2018-07-03;327;0.0327
2018-07-04;327;0.0327
2018-07-05;319;0.0319
2018-07-06;312;0.0312
2018-07-09;303;0.0303
2018-07-10;296;0.0296
2018-07-11;301;0.0301
2018-07-12;299;0.0299
2018-07-13;298;0.0298
2018-07-16;295;0.0295
2018-07-17;295;0.0295
2018-07-18;292;0.0292
2018-07-19;297;0.0297
2018-07-20;280;0.028
2018-07-23;277;0.0277
2018-07-24;276;0.0276
2018-07-25;271;0.0271
2018-07-26;267;0.0267
2018-07-27;264;0.0264
2018-07-30;266;0.0266
2018-07-31;267;0.0267
2018-08-01;271;0.0271
2018-08-02;273;0.0273
2018-08-03;270;0.027
2018-08-06;272;0.0272
2018-08-07;275;0.0275
2018-08-08;277;0.0277
2018-08-09;285;0.0285
2018-08-10;301;0.0301
2018-08-13;306;0.0306
2018-08-14;300;0.03
2018-08-15;306;0.0306
2018-08-16;302;0.0302
2018-08-17;305;0.0305
2018-08-20;308;0.0308
2018-08-21;311;0.0311
2018-08-22;323;0.0323
2018-08-23;332;0.0332
2018-08-24;332;0.0332
2018-08-27;329;0.0329
2018-08-28;330;0.033
2018-08-29;335;0.0335
2018-08-30;343;0.0343
2018-08-31;345;0.0345
2018-09-03;345;0.0345
2018-09-04;349;0.0349
2018-09-05;338;0.0338
2018-09-06;332;0.0332
2018-09-07;323;0.0323
2018-09-10;329;0.0329
2018-09-11;336;0.0336
2018-09-12;332;0.0332
2018-09-13;334;0.0334
2018-09-14;334;0.0334
2018-09-17;337;0.0337
2018-09-18;335;0.0335
2018-09-19;328;0.0328
2018-09-20;309;0.0309
2018-09-21;287;0.0287
2018-09-24;293;0.0293
2018-09-25;295;0.0295
2018-09-26;294;0.0294
2018-09-27;291;0.0291
2018-09-28;293;0.0293
2018-10-01;296;0.0296
2018-10-02;285;0.0285
2018-10-03;273;0.0273
2018-10-04;278;0.0278
2018-10-05;272;0.0272
2018-10-08;272;0.0272
2018-10-09;260;0.026
2018-10-10;268;0.0268
2018-10-11;272;0.0272
2018-10-12;266;0.0266
2018-10-15;261;0.0261
2018-10-16;256;0.0256
2018-10-17;255;0.0255
2018-10-18;264;0.0264
2018-10-19;262;0.0262
2018-10-22;260;0.026
2018-10-23;260;0.026
2018-10-24;269;0.0269
2018-10-25;264;0.0264
2018-10-26;266;0.0266
2018-10-29;267;0.0267
2018-10-30;263;0.0263
2018-10-31;260;0.026
2018-11-01;254;0.0254
2018-11-02;248;0.0248
2018-11-05;247;0.0247
2018-11-06;249;0.0249
2018-11-07;247;0.0247
2018-11-08;251;0.0251
2018-11-09;254;0.0254
2018-11-12;254;0.0254
2018-11-13;262;0.0262
2018-11-14;263;0.0263
2018-11-15;261;0.0261
2018-11-16;263;0.0263
2018-11-19;267;0.0267
2018-11-20;273;0.0273
2018-11-21;271;0.0271
2018-11-22;271;0.0271
2018-11-23;274;0.0274
2018-11-26;276;0.0276
2018-11-27;280;0.028
2018-11-28;272;0.0272
2018-11-29;272;0.0272
2018-11-30;270;0.027
2018-12-03;267;0.0267
2018-12-04;274;0.0274
2018-12-05;274;0.0274
2018-12-06;277;0.0277
2018-12-07;274;0.0274
2018-12-10;276;0.0276
2018-12-11;270;0.027
2018-12-12;261;0.0261
2018-12-13;258;0.0258
2018-12-14;261;0.0261
2018-12-17;260;0.026
2018-12-18;265;0.0265
2018-12-19;270;0.027
2018-12-20;268;0.0268
2018-12-21;273;0.0273
2018-12-24;276;0.0276
2018-12-26;273;0.0273
2018-12-27;274;0.0274
2018-12-28;272;0.0272
2018-12-31;276;0.0276
2019-01-02;275;0.0275
2019-01-03;278;0.0278
2019-01-04;264;0.0264
2019-01-07;256;0.0256
2019-01-08;254;0.0254
2019-01-09;250;0.025
2019-01-10;254;0.0254
2019-01-11;258;0.0258
2019-01-14;258;0.0258
2019-01-15;255;0.0255
2019-01-16;255;0.0255
2019-01-17;255;0.0255
2019-01-18;245;0.0245
2019-01-21;245;0.0245
2019-01-22;252;0.0252
2019-01-23;247;0.0247
2019-01-24;246;0.0246
2019-01-25;239;0.0239
2019-01-28;240;0.024
2019-01-29;244;0.0244
2019-01-30;240;0.024
2019-01-31;238;0.0238
2019-02-01;237;0.0237
2019-02-04;234;0.0234
2019-02-05;232;0.0232
2019-02-06;239;0.0239
2019-02-07;245;0.0245
2019-02-08;249;0.0249
2019-02-11;250;0.025
2019-02-12;244;0.0244
2019-02-13;242;0.0242
2019-02-14;240;0.024
2019-02-15;241;0.0241
2019-02-18;241;0.0241
2019-02-19;241;0.0241
2019-02-20;241;0.0241
2019-02-21;242;0.0242
2019-02-22;241;0.0241
2019-02-25;240;0.024
2019-02-26;239;0.0239
2019-02-27;236;0.0236
2019-02-28;235;0.0235
2019-03-01;236;0.0236
2019-03-04;240;0.024
2019-03-05;242;0.0242
2019-03-06;245;0.0245
2019-03-07;249;0.0249
2019-03-08;251;0.0251
2019-03-11;243;0.0243
2019-03-12;245;0.0245
2019-03-13;249;0.0249
2019-03-14;245;0.0245
2019-03-15;246;0.0246
2019-03-18;242;0.0242
2019-03-19;240;0.024
2019-03-20;240;0.024
2019-03-21;239;0.0239
2019-03-22;255;0.0255
2019-03-25;255;0.0255
2019-03-26;255;0.0255
2019-03-27;262;0.0262
2019-03-28;258;0.0258
2019-03-29;253;0.0253
2019-04-01;248;0.0248
2019-04-02;253;0.0253
2019-04-03;249;0.0249
2019-04-04;250;0.025
2019-04-05;250;0.025
2019-04-08;250;0.025
2019-04-09;251;0.0251
2019-04-10;253;0.0253
2019-04-11;253;0.0253
2019-04-12;252;0.0252
2019-04-15;254;0.0254
2019-04-16;248;0.0248
2019-04-17;249;0.0249
2019-04-18;253;0.0253
2019-04-19;253;0.0253
2019-04-22;250;0.025
2019-04-23;247;0.0247
2019-04-24;251;0.0251
2019-04-25;252;0.0252
2019-04-26;252;0.0252
2019-04-29;248;0.0248
2019-04-30;252;0.0252
2019-05-01;250;0.025
2019-05-02;250;0.025
2019-05-03;248;0.0248
2019-05-06;250;0.025
2019-05-07;255;0.0255
2019-05-08;250;0.025
2019-05-09;253;0.0253
2019-05-10;252;0.0252
2019-05-13;260;0.026
2019-05-14;256;0.0256
2019-05-15;260;0.026
2019-05-16;261;0.0261
2019-05-17;263;0.0263
2019-05-20;260;0.026
2019-05-21;257;0.0257
2019-05-22;258;0.0258
2019-05-23;266;0.0266
2019-05-24;265;0.0265
2019-05-27;265;0.0265
2019-05-28;267;0.0267
2019-05-29;269;0.0269
2019-05-30;270;0.027
2019-05-31;274;0.0274
2019-06-03;276;0.0276
2019-06-04;261;0.0261
2019-06-05;256;0.0256
2019-06-06;255;0.0255
2019-06-07;254;0.0254
2019-06-10;250;0.025
2019-06-11;248;0.0248
2019-06-12;247;0.0247
2019-06-13;248;0.0248
2019-06-14;250;0.025
2019-06-17;252;0.0252
2019-06-18;247;0.0247
2019-06-19;246;0.0246
2019-06-20;237;0.0237
2019-06-21;236;0.0236
2019-06-24;239;0.0239
2019-06-25;243;0.0243
2019-06-26;240;0.024
2019-06-27;242;0.0242
2019-06-28;239;0.0239
2019-07-01;234;0.0234
2019-07-02;238;0.0238
2019-07-03;238;0.0238
2019-07-04;238;0.0238
2019-07-05;233;0.0233
2019-07-08;232;0.0232
2019-07-09;228;0.0228
2019-07-10;224;0.0224
2019-07-11;218;0.0218
2019-07-12;217;0.0217
2019-07-15;217;0.0217
2019-07-16;215;0.0215
2019-07-17;221;0.0221
2019-07-18;222;0.0222
2019-07-19;220;0.022
2019-07-22;216;0.0216
2019-07-23;213;0.0213
2019-07-24;213;0.0213
2019-07-25;208;0.0208
2019-07-26;207;0.0207
2019-07-29;207;0.0207
2019-07-30;209;0.0209
2019-07-31;212;0.0212
2019-08-01;221;0.0221
2019-08-02;222;0.0222
2019-08-05;235;0.0235
2019-08-06;233;0.0233
2019-08-07;232;0.0232
2019-08-08;229;0.0229
2019-08-09;226;0.0226
2019-08-12;239;0.0239
2019-08-13;236;0.0236
2019-08-14;244;0.0244
2019-08-15;251;0.0251
2019-08-16;248;0.0248
2019-08-19;243;0.0243
2019-08-20;247;0.0247
2019-08-21;244;0.0244
2019-08-22;240;0.024
2019-08-23;246;0.0246
2019-08-26;245;0.0245
2019-08-27;250;0.025
2019-08-28;252;0.0252
2019-08-29;247;0.0247
2019-08-30;248;0.0248
2019-09-02;248;0.0248
2019-09-03;249;0.0249
2019-09-04;247;0.0247
2019-09-05;238;0.0238
2019-09-06;240;0.024
2019-09-09;234;0.0234
2019-09-10;229;0.0229
2019-09-11;228;0.0228
2019-09-12;222;0.0222
2019-09-13;219;0.0219
2019-09-16;224;0.0224
2019-09-17;227;0.0227
2019-09-18;225;0.0225
2019-09-19;227;0.0227
2019-09-20;232;0.0232
2019-09-23;234;0.0234
2019-09-24;243;0.0243
2019-09-25;240;0.024
2019-09-26;243;0.0243
2019-09-27;246;0.0246
2019-09-30;247;0.0247
2019-10-01;252;0.0252
2019-10-02;259;0.0259
2019-10-03;264;0.0264
2019-10-04;264;0.0264
2019-10-07;259;0.0259
2019-10-08;262;0.0262
2019-10-09;255;0.0255
2019-10-10;247;0.0247
2019-10-11;240;0.024
2019-10-14;240;0.024
2019-10-15;237;0.0237
2019-10-16;239;0.0239
2019-10-17;238;0.0238
2019-10-18;238;0.0238
2019-10-21;235;0.0235
2019-10-22;237;0.0237
2019-10-23;237;0.0237
2019-10-24;235;0.0235
2019-10-25;231;0.0231
2019-10-28;227;0.0227
2019-10-29;228;0.0228
2019-10-30;237;0.0237
2019-10-31;240;0.024
2019-11-01;231;0.0231
2019-11-04;229;0.0229
2019-11-05;231;0.0231
2019-11-06;235;0.0235
2019-11-07;230;0.023
2019-11-08;229;0.0229
2019-11-11;229;0.0229
2019-11-12;232;0.0232
2019-11-13;235;0.0235
2019-11-14;238;0.0238
2019-11-15;238;0.0238
2019-11-18;240;0.024
2019-11-19;246;0.0246
2019-11-20;249;0.0249
2019-11-21;245;0.0245
2019-11-22;241;0.0241
2019-11-25;242;0.0242
2019-11-26;246;0.0246
2019-11-27;244;0.0244
2019-11-28;244;0.0244
2019-11-29;239;0.0239
2019-12-02;240;0.024
2019-12-03;250;0.025
2019-12-04;240;0.024
2019-12-05;238;0.0238
2019-12-06;231;0.0231
2019-12-09;231;0.0231
2019-12-10;228;0.0228
2019-12-11;230;0.023
2019-12-12;215;0.0215
2019-12-13;218;0.0218
2019-12-16;212;0.0212
2019-12-17;211;0.0211
2019-12-18;208;0.0208
2019-12-19;213;0.0213
2019-12-20;214;0.0214
2019-12-23;212;0.0212
2019-12-24;215;0.0215
2019-12-26;214;0.0214
2019-12-27;215;0.0215
2019-12-30;215;0.0215
2019-12-31;214;0.0214
2020-11-23;275;0.0275
2020-11-24;272;0.0272
2020-11-25;271;0.0271
2020-11-26;271;0.0271
2020-11-27;275;0.0275
2020-11-30;275;0.0275
2020-12-01;264;0.0264
2020-12-02;266;0.0266
2020-12-03;267;0.0267
2020-12-04;262;0.0262
2020-12-07;266;0.0266
2020-12-08;270;0.027
2020-12-09;267;0.0267
2020-12-10;268;0.0268
2020-12-11;269;0.0269
2020-12-14;268;0.0268
2020-12-15;263;0.0263
2020-12-16;260;0.026
2020-12-17;258;0.0258
2020-12-18;256;0.0256
2020-12-21;261;0.0261
2020-12-22;263;0.0263
2020-12-23;259;0.0259
2020-12-24;261;0.0261
2020-12-28;261;0.0261
2020-12-29;259;0.0259
2020-12-30;259;0.0259
2020-12-31;260;0.026
2021-01-04;261;0.0261
2021-01-05;264;0.0264
2021-01-06;266;0.0266
2021-01-07;268;0.0268
2021-01-08;265;0.0265
2021-01-11;270;0.027
2021-01-12;273;0.0273
2021-01-13;273;0.0273
2021-01-14;272;0.0272
2021-01-15;280;0.028
2021-01-18;280;0.028
2021-01-19;283;0.0283
2021-01-20;283;0.0283
2021-01-21;283;0.0283
2021-01-22;287;0.0287
2021-01-25;291;0.0291
2021-01-26;290;0.029
2021-01-27;294;0.0294
2021-01-28;287;0.0287
2021-01-29;288;0.0288
2021-02-01;283;0.0283
2021-02-02;276;0.0276
2021-02-03;276;0.0276
2021-02-04;270;0.027
2021-02-05;266;0.0266
2021-02-08;268;0.0268
2021-02-09;270;0.027
2021-02-10;273;0.0273
2021-02-11;271;0.0271
2021-02-12;269;0.0269
2021-02-15;269;0.0269
2021-02-16;270;0.027
2021-02-17;271;0.0271
2021-02-18;279;0.0279
2021-02-19;274;0.0274
2021-02-22;292;0.0292
2021-02-23;288;0.0288
2021-02-24;280;0.028
2021-02-25;285;0.0285
2021-02-26;299;0.0299
2021-03-01;296;0.0296
2021-03-02;303;0.0303
2021-03-03;304;0.0304
2021-03-04;299;0.0299
2021-03-05;306;0.0306
2021-03-08;323;0.0323
2021-03-09;324;0.0324
2021-03-10;320;0.032
2021-03-11;310;0.031
2021-03-12;302;0.0302
2021-03-15;302;0.0302
2021-03-16;295;0.0295
2021-03-17;294;0.0294
2021-03-18;289;0.0289
2021-03-19;288;0.0288
2021-03-22;289;0.0289
2021-03-23;289;0.0289
2021-03-24;294;0.0294
2021-03-25;301;0.0301
2021-03-26;299;0.0299
2021-03-29;295;0.0295
2021-03-30;299;0.0299
2021-03-31;290;0.029
2021-04-01;292;0.0292
2021-04-05;289;0.0289
2021-04-06;288;0.0288
2021-04-07;286;0.0286
2021-04-08;289;0.0289
2021-04-09;289;0.0289
2021-04-12;292;0.0292
2021-04-13;296;0.0296
2021-04-14;291;0.0291
2021-04-15;290;0.029
2021-04-16;285;0.0285
2021-04-19;281;0.0281
2021-04-20;286;0.0286
2021-04-21;286;0.0286
2021-04-22;287;0.0287
2021-04-23;283;0.0283
2021-04-26;283;0.0283
2021-04-27;282;0.0282
2021-04-28;281;0.0281
2021-04-29;277;0.0277
2021-04-30;277;0.0277
2021-05-03;277;0.0277
2021-05-04;277;0.0277
2021-05-05;276;0.0276
2021-05-06;272;0.0272
2021-05-07;261;0.0261
2021-05-10;254;0.0254
2021-05-11;256;0.0256
2021-05-12;256;0.0256
2021-05-13;257;0.0257
2021-05-14;258;0.0258
2021-05-17;260;0.026
2021-05-18;260;0.026
2021-05-19;262;0.0262
2021-05-20;266;0.0266
2021-05-21;266;0.0266
2021-05-24;268;0.0268
2021-05-25;271;0.0271
2021-05-26;265;0.0265
2021-05-27;264;0.0264
2021-05-28;261;0.0261
2021-05-31;262;0.0262
2021-06-01;260;0.026
2021-06-02;258;0.0258
2021-06-03;260;0.026
2021-06-04;263;0.0263
2021-06-07;261;0.0261
2021-06-08;263;0.0263
2021-06-09;264;0.0264
2021-06-10;266;0.0266
2021-06-11;262;0.0262
2021-06-14;263;0.0263
2021-06-15;266;0.0266
2021-06-16;266;0.0266
2021-06-17;263;0.0263
2021-06-18;267;0.0267
2021-06-21;263;0.0263
2021-06-22;267;0.0267
2021-06-23;264;0.0264
2021-06-24;265;0.0265
2021-06-25;262;0.0262
2021-06-28;266;0.0266
2021-06-29;270;0.027
2021-06-30;275;0.0275
2021-07-01;276;0.0276
2021-07-02;279;0.0279
2021-07-05;279;0.0279
2021-07-06;287;0.0287
2021-07-07;291;0.0291
2021-07-08;294;0.0294
2021-07-09;289;0.0289
2021-07-12;288;0.0288
2021-07-13;285;0.0285
2021-07-14;289;0.0289
2021-07-15;292;0.0292
2021-07-16;291;0.0291
2021-07-19;303;0.0303
2021-07-20;299;0.0299
2021-07-21;296;0.0296
2021-07-22;296;0.0296
2021-07-23;294;0.0294
2021-07-26;294;0.0294
2021-07-27;300;0.03
2021-07-28;300;0.03
2021-07-29;298;0.0298
2021-07-30;300;0.03
2021-08-02;302;0.0302
2021-08-03;304;0.0304
2021-08-04;305;0.0305
2021-08-05;301;0.0301
2021-08-06;301;0.0301
2021-08-09;301;0.0301
2021-08-10;301;0.0301
2021-08-11;301;0.0301
2021-08-12;300;0.03
2021-08-13;304;0.0304
2021-08-16;307;0.0307
2021-08-17;309;0.0309
2021-08-18;313;0.0313
2021-08-19;321;0.0321
2021-08-20;320;0.032
2021-08-23;318;0.0318
2021-08-24;315;0.0315
2021-08-25;310;0.031
2021-08-26;311;0.0311
2021-08-27;309;0.0309
2021-08-30;304;0.0304
2021-08-31;304;0.0304
2021-09-01;304;0.0304
2021-09-02;305;0.0305
2021-09-03;304;0.0304
2021-09-06;304;0.0304
2021-09-07;304;0.0304
2021-09-08;312;0.0312
2021-09-09;317;0.0317
2021-09-10;310;0.031
2021-09-13;314;0.0314
2021-09-14;318;0.0318
2021-09-15;314;0.0314
2021-09-16;312;0.0312
2021-09-17;311;0.0311
2021-09-20;322;0.0322
2021-09-21;318;0.0318
2021-09-22;318;0.0318
2021-09-23;317;0.0317
2021-09-24;320;0.032
2021-09-27;322;0.0322
2021-09-28;325;0.0325
2021-09-29;320;0.032
2021-09-30;327;0.0327
2021-10-01;333;0.0333
2021-10-04;334;0.0334
2021-10-05;332;0.0332
2021-10-06;334;0.0334
2021-10-07;326;0.0326
2021-10-08;326;0.0326
2021-10-11;327;0.0327
2021-10-12;332;0.0332
2021-10-13;330;0.033
2021-10-14;328;0.0328
2021-10-15;324;0.0324
2021-10-18;327;0.0327
2021-10-19;329;0.0329
2021-10-20;336;0.0336
2021-10-21;350;0.035
2021-10-22;353;0.0353
2021-10-25;348;0.0348
2021-10-26;346;0.0346
2021-10-27;346;0.0346
2021-10-28;347;0.0347
2021-10-29;362;0.0362
2021-11-01;366;0.0366
2021-11-02;370;0.037
2021-11-03;361;0.0361
2021-11-04;356;0.0356
2021-11-05;355;0.0355
2021-11-08;343;0.0343
2021-11-09;346;0.0346
2021-11-10;341;0.0341
2021-11-11;338;0.0338
2021-11-12;339;0.0339
2021-11-15;336;0.0336
2021-11-16;336;0.0336
2021-11-17;338;0.0338
2021-11-18;340;0.034
2021-11-19;341;0.0341
2021-11-22;339;0.0339
2021-11-23;345;0.0345
2021-11-24;349;0.0349
2021-11-25;349;0.0349
2021-11-26;375;0.0375
2021-11-29;366;0.0366
2021-11-30;366;0.0366
2021-12-01;355;0.0355
2021-12-02;345;0.0345
2021-12-03;349;0.0349
2021-12-06;343;0.0343
2021-12-07;330;0.033
2021-12-08;327;0.0327
2021-12-09;333;0.0333
2021-12-10;333;0.0333
2021-12-13;337;0.0337
2021-12-14;338;0.0338
2021-12-15;339;0.0339
2021-12-16;342;0.0342
2021-12-17;343;0.0343
2021-12-20;345;0.0345
2021-12-21;341;0.0341
2021-12-22;342;0.0342
2021-12-23;335;0.0335
2021-12-24;335;0.0335
2021-12-27;334;0.0334
2021-12-28;331;0.0331
2021-12-29;325;0.0325
2021-12-30;326;0.0326
2021-12-31;326;0.0326
2024-07-31;228;0.0228
2024-08-01;226;0.02267363636363636
2024-08-02;222;0.022255676881531055
2024-08-05;213;0.021395695688163144
2024-08-06;208;0.020815359273765512
2024-08-07;208;0.020822218967411203
2024-08-08;212;0.02123430918595967
2024-08-09;217;0.02170272498282574
2024-08-12;218;0.021828520978081457
2024-08-13;217;0.021754200459066567
2024-08-14;220;0.022093119390807728
2024-08-15;224;0.02247203319502075
2024-08-16;229;0.022937028073572126
2024-08-19;229;0.022925931301403003
2024-08-20;236;0.02366338479464026
2024-08-21;233;0.023392768110576334
2024-08-22;237;0.02373053457413513
2024-08-23;239;0.023916171089708546
2024-08-26;239;0.023916171089708546
2024-08-27;242;0.024262087208806217
2024-08-28;244;0.024432000000000006
2024-08-29;241;0.02410371312309258
2024-08-30;239;0.02393328282828283
2024-09-02;232;0.023227465076382653
2024-09-03;232;0.023238855741724566
2024-09-04;224;0.022496036078803707
2024-09-05;228;0.022855900321543412
2024-09-06;228;0.02281463590772317
2024-09-09;226;0.022656472369417112
2024-09-10;228;0.02280914524086479
2024-09-11;225;0.022579106611078023
2024-09-12;227;0.022786295880750124
2024-09-13;229;0.022972238830088067
2024-09-16;229;0.0229982528512497
2024-09-17;230;0.023081332954499333
2024-09-18;234;0.02340913881113124
2024-09-19;234;0.02340913881113124
2024-09-20;245;0.024508869925006466
2024-09-23;227;0.02275802617361028
2024-09-24;227;0.02275802617361028
2024-09-25;227;0.022779906261266674
2024-09-26;224;0.02247913981895086
2024-09-27;229;0.022920386940749698
2024-09-30;229;0.022967599660729428
2024-10-01;229;0.022967599660729428
2024-10-02;231;0.02314050622609261
2024-10-03;231;0.02314050622609261
2024-10-04;231;0.02314050622609261
2024-10-07;237;0.023750357098107997
2024-10-08;235;0.023532166356300423
2024-10-09;240;0.024026314010478275
2024-10-10;232;0.023261670620960476
2024-10-11;231;0.023106655830963014
2024-10-14;231;0.023106655830963014
2024-10-15;227;0.022744372450203974
2024-10-16;229;0.022947209555707993
2024-10-17;228;0.02284396416663318
2024-10-18;230;0.023062611023238828
2024-10-21;232;0.02320093023255813
2024-10-22;227;0.022758026173610266
2024-10-23;226;0.02265286220770425
2024-10-24;222;0.022224363934810636
2024-10-25;225;0.022537941421267478
2024-10-28;224;0.0224995964232017
2024-10-29;224;0.0224995964232017
2024-10-30;230;0.023025258128517627
2024-10-31;229;0.022913921908369255
2024-11-01;226;0.022681775756850535
2024-11-04;226;0.022679966497826342
2024-11-05;222;0.02229406829497784
2024-11-06;222;0.022232183908045967
2024-11-07;231;0.023168790743155143
2024-11-08;237;0.023789106425702807
2024-11-11;237;0.02376524573721163
2024-11-12;237;0.023766238976888027
2024-11-13;224;0.022481805961888188
2024-11-14;226;0.022644743548900913
2024-11-15;224;0.02246670617518074
2024-11-18;217;0.02178837503352618
2024-11-19;218;0.021885648308509403
2024-11-20;223;0.022330838405654814
2024-11-21;224;0.02246848156782172
2024-11-22;227;0.022728918022303046
2024-11-25;227;0.022730735100131905
2024-11-26;228;0.022819213483146066
2024-11-27;226;0.022624022279689675
2024-11-28;223;0.022359814407046243
2024-11-29;220;0.02201869433903818
2024-12-02;220;0.02204772022332506
2024-12-03;214;0.02148542713567839
2024-12-04;214;0.021480557549201067
2024-12-05;217;0.02176169300830431
2024-12-06;220;0.022015284552845526
2024-12-09;218;0.021867133243606996
2024-12-10;211;0.021172641298681957
2024-12-11;214;0.02148380369488836
2024-12-12;219;0.02195493610285317
2024-12-13;216;0.021667167079443703
2024-12-16;211;0.021189998509464895
2024-12-17;204;0.020466251574590606
2024-12-18;199;0.019952099926318377
2024-12-19;180;0.01803535680304472
2024-12-20;186;0.01864808814848823
2024-12-23;191;0.019114447058823533
2024-12-24;191;0.01917762039660057
2024-12-25;191;0.019194450820225483
2024-12-26;192;0.019214556512924485
2024-12-27;192;0.01921845280340668
2024-12-30;191;0.01912537584502069
2024-12-31;181;0.018131390491981
2025-01-01;180;0.018092739420935415
2025-01-02;180;0.01808123370429253
2025-01-03;184;0.018469414401247202
2025-01-06;191;0.019106740138431555
2025-01-07;194;0.01940139201637666
2025-01-08;196;0.019662349158051245
2025-01-09;192;0.019258154971552425
2025-01-10;196;0.01963926092212053
2025-01-13;189;0.018940007993605117
2025-01-14;192;0.019264026559165284
2025-01-15;194;0.0194751464091236
2025-01-16;199;0.01990879109337254
2025-01-17;197;0.01975387501302671
2025-01-20;198;0.019877474832214765
2025-01-21;202;0.020257010544314617
2025-01-22;201;0.02016792452830189
2025-01-23;207;0.020740956340956337
2025-01-24;208;0.020802414398595256
2025-01-27;207;0.020753067406299036
2025-01-28;202;0.020295328170170237
2025-01-29;203;0.020304748982360916
2025-01-30;203;0.0203957820738137
2025-01-31;204;0.020441972823351775
2025-02-03;206;0.020602688308394616
2025-02-04;204;0.020425818965517234
2025-02-05;208;0.02088492728074041
2025-02-06;207;0.020747010106169504
2025-02-07;206;0.02067760445074724
2025-02-10;207;0.020797849462365584
2025-02-11;207;0.020762159991237355
2025-02-12;207;0.0207439827818918
2025-02-13;209;0.020985120673112402
2025-02-14;211;0.021103495880650188
2025-02-17;212;0.02125097350424156
2025-02-18;212;0.02120817513892515
2025-02-19;214;0.021471635704576348
2025-02-20;214;0.021432790592492083
2025-02-21;214;0.021408583690987124
2025-02-24;211;0.021140369530465816
2025-02-25;207;0.020741712868398012
2025-02-26;207;0.020754582284024964
2025-02-27;207;0.020719795955547456
2025-02-28;202;0.020238986368651454
2025-03-03;201;0.020142207424199487
2025-03-04;197;0.019714838441270276
2025-03-05;200;0.020060493173880825
2025-03-06;204;0.020406028636021093
2025-03-07;204;0.020436095737799174
2025-03-10;201;0.02016363378483795
2025-03-11;200;0.020076782940262668
2025-03-12;203;0.020310550753625253
2025-03-13;201;0.020122962595987115
2025-03-14;203;0.02037678001934998
2025-03-17;203;0.020337427130646252
2025-03-18;206;0.020673094121496344
2025-03-19;209;0.020904120869021797
2025-03-20;195;0.019503199917687
2025-03-21;194;0.019463148167162946
2025-03-24;199;0.019926231691078555
2025-03-25;202;0.020200163404497172
2025-03-26;200;0.020001927541329578
2025-03-27;201;0.02010659783607948
2025-03-28;198;0.019878864573865614
2025-03-31;196;0.019610138630250355
2025-04-01;200;0.02001107787591934
2025-04-02;198;0.019878169678749953
2025-04-03;196;0.01968412890719651
2025-04-04;190;0.0190121965897693
2025-04-07;188;0.018867113470471132
2025-04-08;183;0.018310036384711976
2025-04-09;197;0.019758679638637935
2025-04-10;190;0.01905168855534708
2025-04-11;189;0.018995684126135746
2025-04-14;194;0.01941795458425814
2025-04-15;195;0.019507883361921087
2025-04-16;190;0.019020463591664705
2025-04-17;192;0.0192934382845898
2025-04-18;192;0.019297366634993884
2025-04-21;193;0.019306539009981655
2025-04-22;190;0.019038931297709914
2025-04-23;194;0.0194844886071612
2025-04-24;199;0.01992553348050036
2025-04-25;201;0.0201865388711395
2025-04-28;201;0.020183672889898478
2025-04-29;203;0.020349799599198387
2025-04-30;202;0.020237545820135934
2025-05-01;201;0.02019012249245516
2025-05-02;203;0.020330883089023942
2025-05-05;203;0.020381161965520936
2025-05-06;203;0.020364374731413823
2025-05-07;205;0.020531277755713603
2025-05-08;204;0.020458888289260648
2025-05-09;205;0.02057734032929255
2025-05-12;215;0.021574277259276107
2025-05-13;217;0.02170355329949237
2025-05-14;216;0.021644899512789265
2025-05-15;215;0.021530168105406616
2025-05-16;215;0.021549749886311944
2025-05-19;215;0.02151224937580387
2025-05-20;218;0.021819307804466254
2025-05-21;215;0.0215065542150448
2025-05-22;213;0.021335489438337133
2025-05-23;212;0.021264482835988318
2025-05-26;212;0.021238274509803905
2025-05-27;217;0.02172677186413478
2025-05-28;216;0.021676252191812136
2025-05-29;218;0.021871338461538443
2025-05-30;219;0.021938842592592572
2025-06-02;221;0.02218101962008033
2025-06-03;223;0.02236509085188388
2025-06-04;222;0.022297564992353823
2025-06-05;219;0.02193545749112789
2025-06-06;220;0.022099988340911723
2025-06-09;223;0.022352783018867905
2025-06-10;224;0.022418876404494362
2025-06-11;226;0.02260423738919583
2025-06-12;227;0.0227261929502038
2025-06-13;224;0.02245517295845836
2025-06-16;226;0.02269807208717517
2025-06-17;227;0.02271167026120295
2025-06-18;222;0.022297564992353823
2025-06-19;221;0.022130090286425885
2025-06-20;222;0.022265262333594344
2025-06-23;223;0.022383578035819703
2025-06-24;228;0.022850389777384853
2025-06-25;227;0.022748921870624453
2025-06-26;226;0.02266008368200835
2025-06-27;227;0.022706229036895047
2025-06-30;230;0.02304765533173913
2025-07-01;232;0.023274047394916692
2025-07-02;233;0.02332368647717483
2025-07-03;238;0.023818999748680555
2025-07-04;238;0.02385497105461866
2025-07-07;234;0.02341492217738613
2025-07-08;233;0.02332177336668989
2025-07-09;236;0.023697899649941637
2025-07-10;230;0.023057935285053913
2025-07-11;230;0.023034585004253233
2025-07-14;230;0.02305419605935294
2025-07-15;231;0.02315181174171483
2025-07-16;229;0.022987096774193534
2025-07-17;231;0.023174455945879847
2025-07-18;233;0.02338795755531791
2025-07-21;233;0.023389881539980242
2025-07-22;232;0.023252158979391545
2025-07-23;231;0.0231990372062663
2025-07-24;234;0.023446781841421665
2025-07-25;232;0.023229362745098025
2025-07-28;232;0.023233159012910596
2025-07-29;230;0.023070096149945218
2025-07-30;229;0.02293702807357211
2025-07-31;232;0.02327881120026198
2025-08-01;229;0.022955546584853853
2025-08-04;231;0.02312168821663819
2025-08-05;229;0.022989884778653717
2025-08-06;231;0.023108533810143026
2025-08-07;235;0.023536062249079077
2025-08-08;238;0.0238429685534591
2025-08-11;241;0.02416517083120855
2025-08-12;243;0.02431291632818845
2025-08-13;246;0.02464803432881104
2025-08-14;243;0.024336848412222868
2025-08-15;243;0.024354567647436702
2025-08-18;241;0.02419087080444121
2025-08-19;241;0.024129282471252157
2025-08-20;238;0.023833974600779562
2025-08-21;238;0.023833974600779562
2025-08-22;242;0.024215594259677196
2025-08-25;240;0.024090438466426584
2025-08-26;240;0.024022254139912116
2025-08-27;241;0.024110867076531678
2025-08-28;244;0.02446774235187813
2025-08-29;249;0.024914773922187158
2025-09-01;249;0.024969473961535066
2025-09-02;245;0.024534247993787197
2025-09-03;247;0.0247671951219512
2025-09-04;249;0.024985930840546577
2025-09-05;249;0.024934438305709006
2025-09-08;249;0.024927880063124654
2025-09-09;249;0.024900591145947348
2025-09-10;253;0.025380709663021625
2025-09-11;261;0.02612943068510773
2025-09-12;255;0.025588570400035978
2025-09-15;260;0.026009916296940015
2025-09-16;262;0.02627309184993529
2025-09-17;266;0.026616185349871258
2025-09-18;267;0.026703676919464642
2025-09-19;266;0.02661743119266053
2025-09-22;251;0.025110606729665263
2025-09-23;253;0.0253920428667113
2025-09-24;254;0.025431788908765633
2025-09-25;250;0.025064122002820856
2025-09-26;250;0.025025515997007416
2025-09-29;252;0.02525670886075947
2025-09-30;253;0.02530165962180198
2025-10-01;254;0.02543520150288498
2025-10-02;253;0.025332091945830342
2025-10-03;254;0.025486500537827153
2025-10-06;256;0.02562662460567821
2025-10-07;254;0.02541587556985785
2025-10-08;249;0.02499691415007251
2025-10-09;243;0.024386945707178982
2025-10-10;223;0.0223317153628652
2025-10-13;221;0.02219227286918512
2025-10-14;231;0.023160298130574655
2025-10-15;240;0.024033422086978548
2025-10-16;236;0.02361621329789441
2025-10-17;238;0.023828980891719725
2025-10-20;243;0.02431811495039341
2025-10-21;247;0.024760724549333778
2025-10-22;237;0.02379010166087937
2025-10-23;240;0.024016166905988665
2025-10-24;241;0.024192929164007643
2025-10-27;250;0.025061912736888483
2025-10-28;252;0.02520632978723403
2025-10-29;252;0.02521638951709457
2025-10-30;249;0.024933345025650006
2025-10-31;250;0.025014507544098872
2025-11-03;249;0.024987028737147365
2025-11-04;247;0.02471767365035207
2025-11-05;246;0.024651239812727575
2025-11-06;243;0.0243472683678712
2025-11-07;242;0.02420322621834432
2025-11-10;246;0.024646966019417463
2025-11-11;247;0.024729497716894967
2025-11-12;248;0.02480608968766357
2025-11-13;247;0.02477474839890209
2025-11-14;244;0.024486707143779863
2025-11-17;246;0.024625619262082094
2025-11-18;241;0.024197046934173003
2025-11-19;242;0.024234170040485815
2025-11-20;245;0.024596859725766675
2025-11-21;240;0.02404358378081264
2025-11-24;239;0.023957482305358938
2025-11-25;241;0.02417441652850401
2025-11-26;244;0.024433049755091505
2025-11-27;245;0.02458091121293333
2025-11-28;246;0.024634153526251933
2025-12-01;245;0.024585162127107638
2025-12-02;247;0.02477366907728499
2025-12-03;252;0.02523093442186528
2025-12-04;253;0.025386374999999985
2025-12-05;252;0.025226457279744464
2025-12-08;245;0.0245078136447873
2025-12-09;244;0.024465636965968235
2025-12-10;245;0.024556496955564184
2025-12-11;247;0.024784466527196642
2025-12-12;252;0.02528703308431162
2025-12-15;255;0.02556211453744492
2025-12-16;255;0.025588570400035985
2025-12-17;250;0.02504314968952304
2025-12-18;246;0.024650171225454057
2025-12-19;247;0.024765037888685636
2025-12-22;251;0.02517731337996987
2025-12-23;252;0.025225338242469923
2025-12-24;252;0.02522198172624853
2025-12-25;252;0.02521862610315311
2025-12-26;252;0.025217507760532127
2025-12-29;250;0.025082916501257085
2025-12-30;251;0.025160603513118864
2025-12-31;251;0.02516394371183288
